[33mAssets in the public directory are served at the root path.
Instead of [36m/public/scenes/DemoPlanner.scene.json?url[33m, use [36m/scenes/DemoPlanner.scene.json?url[33m.[39m
[33mAssets in the public directory are served at the root path.
Instead of [36m/public/scenes/Test-DES-Turntable-Loop.scene.json?url[33m, use [36m/scenes/Test-DES-Turntable-Loop.scene.json?url[33m.[39m
[33mAssets in the public directory are served at the root path.
Instead of [36m/public/models/DemoRealvirtualWeb.glb?url[33m, use [36m/models/DemoRealvirtualWeb.glb?url[33m.[39m
[33mAssets in the public directory are served at the root path.
Instead of [36m/public/models/DemoRobotIK.glb?url[33m, use [36m/models/DemoRobotIK.glb?url[33m.[39m
[33mAssets in the public directory are served at the root path.
Instead of [36m/public/scenes/DemoPlanner.scene.json?url[33m, use [36m/scenes/DemoPlanner.scene.json?url[33m.[39m
[33mAssets in the public directory are served at the root path.
Instead of [36m/public/models/EuropalletEmpty.glb?url[33m, use [36m/models/EuropalletEmpty.glb?url[33m.[39m
[33mAssets in the public directory are served at the root path.
Instead of [36m/public/models/physics-zone-test.glb?url[33m, use [36m/models/physics-zone-test.glb?url[33m.[39m
[33mAssets in the public directory are served at the root path.
Instead of [36m/public/scenes/Test-DES-Turntable-Loop.scene.json?url[33m, use [36m/scenes/Test-DES-Turntable-Loop.scene.json?url[33m.[39m
[33mAssets in the public directory are served at the root path.
Instead of [36m/public/models/tests.glb?url[33m, use [36m/models/tests.glb?url[33m.[39m
[33mAssets in the public directory are served at the root path.
Instead of [36m/public/models/DemoRealvirtualWeb.glb?url[33m, use [36m/models/DemoRealvirtualWeb.glb?url[33m.[39m
[33mAssets in the public directory are served at the root path.
Instead of [36m/public/models/DemoRobotIK.glb?url[33m, use [36m/models/DemoRobotIK.glb?url[33m.[39m
[33mAssets in the public directory are served at the root path.
Instead of [36m/public/models/EuropalletEmpty.glb?url[33m, use [36m/models/EuropalletEmpty.glb?url[33m.[39m
[33mAssets in the public directory are served at the root path.
Instead of [36m/public/models/physics-zone-test.glb?url[33m, use [36m/models/physics-zone-test.glb?url[33m.[39m
[33mAssets in the public directory are served at the root path.
Instead of [36m/public/models/tests.glb?url[33m, use [36m/models/tests.glb?url[33m.[39m
[33mAssets in the public directory are served at the root path.
Instead of [36m/public/scenes/DemoPlanner.scene.json?url[33m, use [36m/scenes/DemoPlanner.scene.json?url[33m.[39m
[33mAssets in the public directory are served at the root path.
Instead of [36m/public/scenes/Test-DES-Turntable-Loop.scene.json?url[33m, use [36m/scenes/Test-DES-Turntable-Loop.scene.json?url[33m.[39m
[33mAssets in the public directory are served at the root path.
Instead of [36m/public/models/library/Custom/ff.glb?url[33m, use [36m/models/library/Custom/ff.glb?url[33m.[39m
[33mAssets in the public directory are served at the root path.
Instead of [36m/public/models/library/Custom/forklift.glb?url[33m, use [36m/models/library/Custom/forklift.glb?url[33m.[39m
[33mAssets in the public directory are served at the root path.
Instead of [36m/public/models/library/Custom/testfork.glb?url[33m, use [36m/models/library/Custom/testfork.glb?url[33m.[39m
[33mAssets in the public directory are served at the root path.
Instead of [36m/public/models/library/PalletHandling/CartonBox.glb?url[33m, use [36m/models/library/PalletHandling/CartonBox.glb?url[33m.[39m
[33mAssets in the public directory are served at the root path.
Instead of [36m/public/models/library/PalletHandling/ChainConveyor-1m.glb?url[33m, use [36m/models/library/PalletHandling/ChainConveyor-1m.glb?url[33m.[39m
[33mAssets in the public directory are served at the root path.
Instead of [36m/public/models/library/PalletHandling/ChainConveyor-2m.glb?url[33m, use [36m/models/library/PalletHandling/ChainConveyor-2m.glb?url[33m.[39m
[33mAssets in the public directory are served at the root path.
Instead of [36m/public/models/library/PalletHandling/ChainConveyor-3m.glb?url[33m, use [36m/models/library/PalletHandling/ChainConveyor-3m.glb?url[33m.[39m
[33mAssets in the public directory are served at the root path.
Instead of [36m/public/models/library/PalletHandling/ChainTransferLeft.glb?url[33m, use [36m/models/library/PalletHandling/ChainTransferLeft.glb?url[33m.[39m
[33mAssets in the public directory are served at the root path.
Instead of [36m/public/models/library/PalletHandling/ChainTransferRight.glb?url[33m, use [36m/models/library/PalletHandling/ChainTransferRight.glb?url[33m.[39m
[33mAssets in the public directory are served at the root path.
Instead of [36m/public/models/library/PalletHandling/Europallet.glb?url[33m, use [36m/models/library/PalletHandling/Europallet.glb?url[33m.[39m
[33mAssets in the public directory are served at the root path.
Instead of [36m/public/models/library/PalletHandling/EuropalletLoaded.glb?url[33m, use [36m/models/library/PalletHandling/EuropalletLoaded.glb?url[33m.[39m
[33mAssets in the public directory are served at the root path.
Instead of [36m/public/models/library/PalletHandling/PalletScanner.glb?url[33m, use [36m/models/library/PalletHandling/PalletScanner.glb?url[33m.[39m
[33mAssets in the public directory are served at the root path.
Instead of [36m/public/models/library/PalletHandling/PalletSink.glb?url[33m, use [36m/models/library/PalletHandling/PalletSink.glb?url[33m.[39m
[33mAssets in the public directory are served at the root path.
Instead of [36m/public/models/library/PalletHandling/RollConveyor-1m.glb?url[33m, use [36m/models/library/PalletHandling/RollConveyor-1m.glb?url[33m.[39m
[33mAssets in the public directory are served at the root path.
Instead of [36m/public/models/library/PalletHandling/RollConveyor-2m.glb?url[33m, use [36m/models/library/PalletHandling/RollConveyor-2m.glb?url[33m.[39m
[33mAssets in the public directory are served at the root path.
Instead of [36m/public/models/library/PalletHandling/RollConveyor-3m-edit.glb?url[33m, use [36m/models/library/PalletHandling/RollConveyor-3m-edit.glb?url[33m.[39m
[33mAssets in the public directory are served at the root path.
Instead of [36m/public/models/library/PalletHandling/RollConveyor-3m.glb?url[33m, use [36m/models/library/PalletHandling/RollConveyor-3m.glb?url[33m.[39m
[33mAssets in the public directory are served at the root path.
Instead of [36m/public/models/library/PalletHandling/SphereMirror.glb?url[33m, use [36m/models/library/PalletHandling/SphereMirror.glb?url[33m.[39m
[33mAssets in the public directory are served at the root path.
Instead of [36m/public/models/library/PalletHandling/SphereRed.glb?url[33m, use [36m/models/library/PalletHandling/SphereRed.glb?url[33m.[39m
[33mAssets in the public directory are served at the root path.
Instead of [36m/public/models/library/PalletHandling/Turntable.glb?url[33m, use [36m/models/library/PalletHandling/Turntable.glb?url[33m.[39m
[33mAssets in the public directory are served at the root path.
Instead of [36m/public/models/library/imports/AGV - Forklifter.glb?url[33m, use [36m/models/library/imports/AGV - Forklifter.glb?url[33m.[39m
[33mAssets in the public directory are served at the root path.
Instead of [36m/public/models/library/imports/dc8539c917b79f6c72cef3ca63d3b8f2.glb?url[33m, use [36m/models/library/imports/dc8539c917b79f6c72cef3ca63d3b8f2.glb?url[33m.[39m
[33mAssets in the public directory are served at the root path.
Instead of [36m/public/models/library/imports/e06801631_asm.glb?url[33m, use [36m/models/library/imports/e06801631_asm.glb?url[33m.[39m
[33mAssets in the public directory are served at the root path.
Instead of [36m/public/models/DemoRealvirtualWeb.glb?url[33m, use [36m/models/DemoRealvirtualWeb.glb?url[33m.[39m
[33mAssets in the public directory are served at the root path.
Instead of [36m/public/models/DemoRobotIK.glb?url[33m, use [36m/models/DemoRobotIK.glb?url[33m.[39m
[33mAssets in the public directory are served at the root path.
Instead of [36m/public/models/EuropalletEmpty.glb?url[33m, use [36m/models/EuropalletEmpty.glb?url[33m.[39m
[33mAssets in the public directory are served at the root path.
Instead of [36m/public/models/physics-zone-test.glb?url[33m, use [36m/models/physics-zone-test.glb?url[33m.[39m
[33mAssets in the public directory are served at the root path.
Instead of [36m/public/models/tests.glb?url[33m, use [36m/models/tests.glb?url[33m.[39m
[33mAssets in the public directory are served at the root path.
Instead of [36m/public/models/library/Custom/ff.glb?url[33m, use [36m/models/library/Custom/ff.glb?url[33m.[39m
[33mAssets in the public directory are served at the root path.
Instead of [36m/public/models/library/Custom/forklift.glb?url[33m, use [36m/models/library/Custom/forklift.glb?url[33m.[39m
[33mAssets in the public directory are served at the root path.
Instead of [36m/public/models/library/Custom/testfork.glb?url[33m, use [36m/models/library/Custom/testfork.glb?url[33m.[39m
[33mAssets in the public directory are served at the root path.
Instead of [36m/public/models/library/PalletHandling/CartonBox.glb?url[33m, use [36m/models/library/PalletHandling/CartonBox.glb?url[33m.[39m
[33mAssets in the public directory are served at the root path.
Instead of [36m/public/models/library/PalletHandling/ChainConveyor-1m.glb?url[33m, use [36m/models/library/PalletHandling/ChainConveyor-1m.glb?url[33m.[39m
[33mAssets in the public directory are served at the root path.
Instead of [36m/public/models/library/PalletHandling/ChainConveyor-2m.glb?url[33m, use [36m/models/library/PalletHandling/ChainConveyor-2m.glb?url[33m.[39m
[33mAssets in the public directory are served at the root path.
Instead of [36m/public/models/library/PalletHandling/ChainConveyor-3m.glb?url[33m, use [36m/models/library/PalletHandling/ChainConveyor-3m.glb?url[33m.[39m
[33mAssets in the public directory are served at the root path.
Instead of [36m/public/models/library/PalletHandling/ChainTransferLeft.glb?url[33m, use [36m/models/library/PalletHandling/ChainTransferLeft.glb?url[33m.[39m
[33mAssets in the public directory are served at the root path.
Instead of [36m/public/models/library/PalletHandling/ChainTransferRight.glb?url[33m, use [36m/models/library/PalletHandling/ChainTransferRight.glb?url[33m.[39m
[33mAssets in the public directory are served at the root path.
Instead of [36m/public/models/library/PalletHandling/Europallet.glb?url[33m, use [36m/models/library/PalletHandling/Europallet.glb?url[33m.[39m
[33mAssets in the public directory are served at the root path.
Instead of [36m/public/models/library/PalletHandling/EuropalletLoaded.glb?url[33m, use [36m/models/library/PalletHandling/EuropalletLoaded.glb?url[33m.[39m
[33mAssets in the public directory are served at the root path.
Instead of [36m/public/models/library/PalletHandling/PalletScanner.glb?url[33m, use [36m/models/library/PalletHandling/PalletScanner.glb?url[33m.[39m
[33mAssets in the public directory are served at the root path.
Instead of [36m/public/models/library/PalletHandling/PalletSink.glb?url[33m, use [36m/models/library/PalletHandling/PalletSink.glb?url[33m.[39m
[33mAssets in the public directory are served at the root path.
Instead of [36m/public/models/library/PalletHandling/RollConveyor-1m.glb?url[33m, use [36m/models/library/PalletHandling/RollConveyor-1m.glb?url[33m.[39m
[33mAssets in the public directory are served at the root path.
Instead of [36m/public/models/library/PalletHandling/RollConveyor-2m.glb?url[33m, use [36m/models/library/PalletHandling/RollConveyor-2m.glb?url[33m.[39m
[33mAssets in the public directory are served at the root path.
Instead of [36m/public/models/library/PalletHandling/RollConveyor-3m-edit.glb?url[33m, use [36m/models/library/PalletHandling/RollConveyor-3m-edit.glb?url[33m.[39m
[33mAssets in the public directory are served at the root path.
Instead of [36m/public/models/library/PalletHandling/RollConveyor-3m.glb?url[33m, use [36m/models/library/PalletHandling/RollConveyor-3m.glb?url[33m.[39m
[33mAssets in the public directory are served at the root path.
Instead of [36m/public/models/library/PalletHandling/SphereMirror.glb?url[33m, use [36m/models/library/PalletHandling/SphereMirror.glb?url[33m.[39m
[33mAssets in the public directory are served at the root path.
Instead of [36m/public/models/library/PalletHandling/SphereRed.glb?url[33m, use [36m/models/library/PalletHandling/SphereRed.glb?url[33m.[39m
[33mAssets in the public directory are served at the root path.
Instead of [36m/public/models/library/PalletHandling/Turntable.glb?url[33m, use [36m/models/library/PalletHandling/Turntable.glb?url[33m.[39m
[33mAssets in the public directory are served at the root path.
Instead of [36m/public/models/library/imports/AGV - Forklifter.glb?url[33m, use [36m/models/library/imports/AGV - Forklifter.glb?url[33m.[39m
[33mAssets in the public directory are served at the root path.
Instead of [36m/public/models/library/imports/dc8539c917b79f6c72cef3ca63d3b8f2.glb?url[33m, use [36m/models/library/imports/dc8539c917b79f6c72cef3ca63d3b8f2.glb?url[33m.[39m
[33mAssets in the public directory are served at the root path.
Instead of [36m/public/models/library/imports/e06801631_asm.glb?url[33m, use [36m/models/library/imports/e06801631_asm.glb?url[33m.[39m
[33mAssets in the public directory are served at the root path.
Instead of [36m/public/models/library/Custom/ff.glb?url[33m, use [36m/models/library/Custom/ff.glb?url[33m.[39m
[33mAssets in the public directory are served at the root path.
Instead of [36m/public/models/library/Custom/forklift.glb?url[33m, use [36m/models/library/Custom/forklift.glb?url[33m.[39m
[33mAssets in the public directory are served at the root path.
Instead of [36m/public/models/library/Custom/testfork.glb?url[33m, use [36m/models/library/Custom/testfork.glb?url[33m.[39m
[33mAssets in the public directory are served at the root path.
Instead of [36m/public/models/library/PalletHandling/CartonBox.glb?url[33m, use [36m/models/library/PalletHandling/CartonBox.glb?url[33m.[39m
[33mAssets in the public directory are served at the root path.
Instead of [36m/public/models/library/PalletHandling/ChainConveyor-1m.glb?url[33m, use [36m/models/library/PalletHandling/ChainConveyor-1m.glb?url[33m.[39m
[33mAssets in the public directory are served at the root path.
Instead of [36m/public/models/library/PalletHandling/ChainConveyor-2m.glb?url[33m, use [36m/models/library/PalletHandling/ChainConveyor-2m.glb?url[33m.[39m
[33mAssets in the public directory are served at the root path.
Instead of [36m/public/models/library/PalletHandling/ChainConveyor-3m.glb?url[33m, use [36m/models/library/PalletHandling/ChainConveyor-3m.glb?url[33m.[39m
[33mAssets in the public directory are served at the root path.
Instead of [36m/public/models/library/PalletHandling/ChainTransferLeft.glb?url[33m, use [36m/models/library/PalletHandling/ChainTransferLeft.glb?url[33m.[39m
[33mAssets in the public directory are served at the root path.
Instead of [36m/public/models/library/PalletHandling/ChainTransferRight.glb?url[33m, use [36m/models/library/PalletHandling/ChainTransferRight.glb?url[33m.[39m
[33mAssets in the public directory are served at the root path.
Instead of [36m/public/models/library/PalletHandling/Europallet.glb?url[33m, use [36m/models/library/PalletHandling/Europallet.glb?url[33m.[39m
[33mAssets in the public directory are served at the root path.
Instead of [36m/public/models/library/PalletHandling/EuropalletLoaded.glb?url[33m, use [36m/models/library/PalletHandling/EuropalletLoaded.glb?url[33m.[39m
[33mAssets in the public directory are served at the root path.
Instead of [36m/public/models/library/PalletHandling/PalletScanner.glb?url[33m, use [36m/models/library/PalletHandling/PalletScanner.glb?url[33m.[39m
[33mAssets in the public directory are served at the root path.
Instead of [36m/public/models/library/PalletHandling/PalletSink.glb?url[33m, use [36m/models/library/PalletHandling/PalletSink.glb?url[33m.[39m
[33mAssets in the public directory are served at the root path.
Instead of [36m/public/models/library/PalletHandling/RollConveyor-1m.glb?url[33m, use [36m/models/library/PalletHandling/RollConveyor-1m.glb?url[33m.[39m
[33mAssets in the public directory are served at the root path.
Instead of [36m/public/models/library/PalletHandling/RollConveyor-2m.glb?url[33m, use [36m/models/library/PalletHandling/RollConveyor-2m.glb?url[33m.[39m
[33mAssets in the public directory are served at the root path.
Instead of [36m/public/models/library/PalletHandling/RollConveyor-3m-edit.glb?url[33m, use [36m/models/library/PalletHandling/RollConveyor-3m-edit.glb?url[33m.[39m
[33mAssets in the public directory are served at the root path.
Instead of [36m/public/models/library/PalletHandling/RollConveyor-3m.glb?url[33m, use [36m/models/library/PalletHandling/RollConveyor-3m.glb?url[33m.[39m
[33mAssets in the public directory are served at the root path.
Instead of [36m/public/models/library/PalletHandling/SphereMirror.glb?url[33m, use [36m/models/library/PalletHandling/SphereMirror.glb?url[33m.[39m
[33mAssets in the public directory are served at the root path.
Instead of [36m/public/models/library/PalletHandling/SphereRed.glb?url[33m, use [36m/models/library/PalletHandling/SphereRed.glb?url[33m.[39m
[33mAssets in the public directory are served at the root path.
Instead of [36m/public/models/library/PalletHandling/Turntable.glb?url[33m, use [36m/models/library/PalletHandling/Turntable.glb?url[33m.[39m
[33mAssets in the public directory are served at the root path.
Instead of [36m/public/models/library/imports/AGV - Forklifter.glb?url[33m, use [36m/models/library/imports/AGV - Forklifter.glb?url[33m.[39m
[33mAssets in the public directory are served at the root path.
Instead of [36m/public/models/library/imports/dc8539c917b79f6c72cef3ca63d3b8f2.glb?url[33m, use [36m/models/library/imports/dc8539c917b79f6c72cef3ca63d3b8f2.glb?url[33m.[39m
[33mAssets in the public directory are served at the root path.
Instead of [36m/public/models/library/imports/e06801631_asm.glb?url[33m, use [36m/models/library/imports/e06801631_asm.glb?url[33m.[39m
[33mAssets in the public directory are served at the root path.
Instead of [36m/public/scenes/DemoPlanner.scene.json?url[33m, use [36m/scenes/DemoPlanner.scene.json?url[33m.[39m
[33mAssets in the public directory are served at the root path.
Instead of [36m/public/scenes/Test-DES-Turntable-Loop.scene.json?url[33m, use [36m/scenes/Test-DES-Turntable-Loop.scene.json?url[33m.[39m
[33mAssets in the public directory are served at the root path.
Instead of [36m/public/models/DemoRealvirtualWeb.glb?url[33m, use [36m/models/DemoRealvirtualWeb.glb?url[33m.[39m
[33mAssets in the public directory are served at the root path.
Instead of [36m/public/models/DemoRobotIK.glb?url[33m, use [36m/models/DemoRobotIK.glb?url[33m.[39m
[33mAssets in the public directory are served at the root path.
Instead of [36m/public/models/EuropalletEmpty.glb?url[33m, use [36m/models/EuropalletEmpty.glb?url[33m.[39m
[33mAssets in the public directory are served at the root path.
Instead of [36m/public/models/physics-zone-test.glb?url[33m, use [36m/models/physics-zone-test.glb?url[33m.[39m
[33mAssets in the public directory are served at the root path.
Instead of [36m/public/models/tests.glb?url[33m, use [36m/models/tests.glb?url[33m.[39m
[33mAssets in the public directory are served at the root path.
Instead of [36m/public/models/library/Custom/ff.glb?url[33m, use [36m/models/library/Custom/ff.glb?url[33m.[39m
[33mAssets in the public directory are served at the root path.
Instead of [36m/public/models/library/Custom/forklift.glb?url[33m, use [36m/models/library/Custom/forklift.glb?url[33m.[39m
[33mAssets in the public directory are served at the root path.
Instead of [36m/public/models/library/Custom/testfork.glb?url[33m, use [36m/models/library/Custom/testfork.glb?url[33m.[39m
[33mAssets in the public directory are served at the root path.
Instead of [36m/public/models/library/PalletHandling/CartonBox.glb?url[33m, use [36m/models/library/PalletHandling/CartonBox.glb?url[33m.[39m
[33mAssets in the public directory are served at the root path.
Instead of [36m/public/models/library/PalletHandling/ChainConveyor-1m.glb?url[33m, use [36m/models/library/PalletHandling/ChainConveyor-1m.glb?url[33m.[39m
[33mAssets in the public directory are served at the root path.
Instead of [36m/public/models/library/PalletHandling/ChainConveyor-2m.glb?url[33m, use [36m/models/library/PalletHandling/ChainConveyor-2m.glb?url[33m.[39m
[33mAssets in the public directory are served at the root path.
Instead of [36m/public/models/library/PalletHandling/ChainConveyor-3m.glb?url[33m, use [36m/models/library/PalletHandling/ChainConveyor-3m.glb?url[33m.[39m
[33mAssets in the public directory are served at the root path.
Instead of [36m/public/models/library/PalletHandling/ChainTransferLeft.glb?url[33m, use [36m/models/library/PalletHandling/ChainTransferLeft.glb?url[33m.[39m
[33mAssets in the public directory are served at the root path.
Instead of [36m/public/models/library/PalletHandling/ChainTransferRight.glb?url[33m, use [36m/models/library/PalletHandling/ChainTransferRight.glb?url[33m.[39m
[33mAssets in the public directory are served at the root path.
Instead of [36m/public/models/library/PalletHandling/Europallet.glb?url[33m, use [36m/models/library/PalletHandling/Europallet.glb?url[33m.[39m
[33mAssets in the public directory are served at the root path.
Instead of [36m/public/models/library/PalletHandling/EuropalletLoaded.glb?url[33m, use [36m/models/library/PalletHandling/EuropalletLoaded.glb?url[33m.[39m
[33mAssets in the public directory are served at the root path.
Instead of [36m/public/models/library/PalletHandling/PalletScanner.glb?url[33m, use [36m/models/library/PalletHandling/PalletScanner.glb?url[33m.[39m
[33mAssets in the public directory are served at the root path.
Instead of [36m/public/models/library/PalletHandling/PalletSink.glb?url[33m, use [36m/models/library/PalletHandling/PalletSink.glb?url[33m.[39m
[33mAssets in the public directory are served at the root path.
Instead of [36m/public/models/library/PalletHandling/RollConveyor-1m.glb?url[33m, use [36m/models/library/PalletHandling/RollConveyor-1m.glb?url[33m.[39m
[33mAssets in the public directory are served at the root path.
Instead of [36m/public/models/library/PalletHandling/RollConveyor-2m.glb?url[33m, use [36m/models/library/PalletHandling/RollConveyor-2m.glb?url[33m.[39m
[33mAssets in the public directory are served at the root path.
Instead of [36m/public/models/library/PalletHandling/RollConveyor-3m-edit.glb?url[33m, use [36m/models/library/PalletHandling/RollConveyor-3m-edit.glb?url[33m.[39m
[33mAssets in the public directory are served at the root path.
Instead of [36m/public/models/library/PalletHandling/RollConveyor-3m.glb?url[33m, use [36m/models/library/PalletHandling/RollConveyor-3m.glb?url[33m.[39m
[33mAssets in the public directory are served at the root path.
Instead of [36m/public/models/library/PalletHandling/SphereMirror.glb?url[33m, use [36m/models/library/PalletHandling/SphereMirror.glb?url[33m.[39m
[33mAssets in the public directory are served at the root path.
Instead of [36m/public/models/library/PalletHandling/SphereRed.glb?url[33m, use [36m/models/library/PalletHandling/SphereRed.glb?url[33m.[39m
[33mAssets in the public directory are served at the root path.
Instead of [36m/public/models/library/PalletHandling/Turntable.glb?url[33m, use [36m/models/library/PalletHandling/Turntable.glb?url[33m.[39m
[33mAssets in the public directory are served at the root path.
Instead of [36m/public/models/library/imports/AGV - Forklifter.glb?url[33m, use [36m/models/library/imports/AGV - Forklifter.glb?url[33m.[39m
[33mAssets in the public directory are served at the root path.
Instead of [36m/public/models/library/imports/dc8539c917b79f6c72cef3ca63d3b8f2.glb?url[33m, use [36m/models/library/imports/dc8539c917b79f6c72cef3ca63d3b8f2.glb?url[33m.[39m
[33mAssets in the public directory are served at the root path.
Instead of [36m/public/models/library/imports/e06801631_asm.glb?url[33m, use [36m/models/library/imports/e06801631_asm.glb?url[33m.[39m
[33mAssets in the public directory are served at the root path.
Instead of [36m/public/scenes/DemoPlanner.scene.json?url[33m, use [36m/scenes/DemoPlanner.scene.json?url[33m.[39m
[33mAssets in the public directory are served at the root path.
Instead of [36m/public/scenes/Test-DES-Turntable-Loop.scene.json?url[33m, use [36m/scenes/Test-DES-Turntable-Loop.scene.json?url[33m.[39m
[33mAssets in the public directory are served at the root path.
Instead of [36m/public/models/DemoRealvirtualWeb.glb?url[33m, use [36m/models/DemoRealvirtualWeb.glb?url[33m.[39m
[33mAssets in the public directory are served at the root path.
Instead of [36m/public/models/DemoRobotIK.glb?url[33m, use [36m/models/DemoRobotIK.glb?url[33m.[39m
[33mAssets in the public directory are served at the root path.
Instead of [36m/public/models/EuropalletEmpty.glb?url[33m, use [36m/models/EuropalletEmpty.glb?url[33m.[39m
[33mAssets in the public directory are served at the root path.
Instead of [36m/public/models/physics-zone-test.glb?url[33m, use [36m/models/physics-zone-test.glb?url[33m.[39m
[33mAssets in the public directory are served at the root path.
Instead of [36m/public/models/tests.glb?url[33m, use [36m/models/tests.glb?url[33m.[39m
[33mAssets in the public directory are served at the root path.
Instead of [36m/public/models/library/Custom/ff.glb?url[33m, use [36m/models/library/Custom/ff.glb?url[33m.[39m
[33mAssets in the public directory are served at the root path.
Instead of [36m/public/models/library/Custom/forklift.glb?url[33m, use [36m/models/library/Custom/forklift.glb?url[33m.[39m
[33mAssets in the public directory are served at the root path.
Instead of [36m/public/models/library/Custom/testfork.glb?url[33m, use [36m/models/library/Custom/testfork.glb?url[33m.[39m
[33mAssets in the public directory are served at the root path.
Instead of [36m/public/models/library/PalletHandling/CartonBox.glb?url[33m, use [36m/models/library/PalletHandling/CartonBox.glb?url[33m.[39m
[33mAssets in the public directory are served at the root path.
Instead of [36m/public/models/library/PalletHandling/ChainConveyor-1m.glb?url[33m, use [36m/models/library/PalletHandling/ChainConveyor-1m.glb?url[33m.[39m
[33mAssets in the public directory are served at the root path.
Instead of [36m/public/models/library/PalletHandling/ChainConveyor-2m.glb?url[33m, use [36m/models/library/PalletHandling/ChainConveyor-2m.glb?url[33m.[39m
[33mAssets in the public directory are served at the root path.
Instead of [36m/public/models/library/PalletHandling/ChainConveyor-3m.glb?url[33m, use [36m/models/library/PalletHandling/ChainConveyor-3m.glb?url[33m.[39m
[33mAssets in the public directory are served at the root path.
Instead of [36m/public/models/library/PalletHandling/ChainTransferLeft.glb?url[33m, use [36m/models/library/PalletHandling/ChainTransferLeft.glb?url[33m.[39m
[33mAssets in the public directory are served at the root path.
Instead of [36m/public/models/library/PalletHandling/ChainTransferRight.glb?url[33m, use [36m/models/library/PalletHandling/ChainTransferRight.glb?url[33m.[39m
[33mAssets in the public directory are served at the root path.
Instead of [36m/public/models/library/PalletHandling/Europallet.glb?url[33m, use [36m/models/library/PalletHandling/Europallet.glb?url[33m.[39m
[33mAssets in the public directory are served at the root path.
Instead of [36m/public/models/library/PalletHandling/EuropalletLoaded.glb?url[33m, use [36m/models/library/PalletHandling/EuropalletLoaded.glb?url[33m.[39m
[33mAssets in the public directory are served at the root path.
Instead of [36m/public/models/library/PalletHandling/PalletScanner.glb?url[33m, use [36m/models/library/PalletHandling/PalletScanner.glb?url[33m.[39m
[33mAssets in the public directory are served at the root path.
Instead of [36m/public/models/library/PalletHandling/PalletSink.glb?url[33m, use [36m/models/library/PalletHandling/PalletSink.glb?url[33m.[39m
[33mAssets in the public directory are served at the root path.
Instead of [36m/public/models/library/PalletHandling/RollConveyor-1m.glb?url[33m, use [36m/models/library/PalletHandling/RollConveyor-1m.glb?url[33m.[39m
[33mAssets in the public directory are served at the root path.
Instead of [36m/public/models/library/PalletHandling/RollConveyor-2m.glb?url[33m, use [36m/models/library/PalletHandling/RollConveyor-2m.glb?url[33m.[39m
[33mAssets in the public directory are served at the root path.
Instead of [36m/public/models/library/PalletHandling/RollConveyor-3m-edit.glb?url[33m, use [36m/models/library/PalletHandling/RollConveyor-3m-edit.glb?url[33m.[39m
[33mAssets in the public directory are served at the root path.
Instead of [36m/public/models/library/PalletHandling/RollConveyor-3m.glb?url[33m, use [36m/models/library/PalletHandling/RollConveyor-3m.glb?url[33m.[39m
[33mAssets in the public directory are served at the root path.
Instead of [36m/public/models/library/PalletHandling/SphereMirror.glb?url[33m, use [36m/models/library/PalletHandling/SphereMirror.glb?url[33m.[39m
[33mAssets in the public directory are served at the root path.
Instead of [36m/public/models/library/PalletHandling/SphereRed.glb?url[33m, use [36m/models/library/PalletHandling/SphereRed.glb?url[33m.[39m
[33mAssets in the public directory are served at the root path.
Instead of [36m/public/models/library/PalletHandling/Turntable.glb?url[33m, use [36m/models/library/PalletHandling/Turntable.glb?url[33m.[39m
[33mAssets in the public directory are served at the root path.
Instead of [36m/public/models/library/imports/AGV - Forklifter.glb?url[33m, use [36m/models/library/imports/AGV - Forklifter.glb?url[33m.[39m
[33mAssets in the public directory are served at the root path.
Instead of [36m/public/models/library/imports/dc8539c917b79f6c72cef3ca63d3b8f2.glb?url[33m, use [36m/models/library/imports/dc8539c917b79f6c72cef3ca63d3b8f2.glb?url[33m.[39m
[33mAssets in the public directory are served at the root path.
Instead of [36m/public/models/library/imports/e06801631_asm.glb?url[33m, use [36m/models/library/imports/e06801631_asm.glb?url[33m.[39m
[33mAssets in the public directory are served at the root path.
Instead of [36m/public/scenes/DemoPlanner.scene.json?url[33m, use [36m/scenes/DemoPlanner.scene.json?url[33m.[39m
[33mAssets in the public directory are served at the root path.
Instead of [36m/public/scenes/Test-DES-Turntable-Loop.scene.json?url[33m, use [36m/scenes/Test-DES-Turntable-Loop.scene.json?url[33m.[39m
[33mAssets in the public directory are served at the root path.
Instead of [36m/public/models/DemoRealvirtualWeb.glb?url[33m, use [36m/models/DemoRealvirtualWeb.glb?url[33m.[39m
[33mAssets in the public directory are served at the root path.
Instead of [36m/public/models/DemoRobotIK.glb?url[33m, use [36m/models/DemoRobotIK.glb?url[33m.[39m
[33mAssets in the public directory are served at the root path.
Instead of [36m/public/models/EuropalletEmpty.glb?url[33m, use [36m/models/EuropalletEmpty.glb?url[33m.[39m
[33mAssets in the public directory are served at the root path.
Instead of [36m/public/models/physics-zone-test.glb?url[33m, use [36m/models/physics-zone-test.glb?url[33m.[39m
[33mAssets in the public directory are served at the root path.
Instead of [36m/public/models/tests.glb?url[33m, use [36m/models/tests.glb?url[33m.[39m
[33mAssets in the public directory are served at the root path.
Instead of [36m/public/scenes/DemoPlanner.scene.json?url[33m, use [36m/scenes/DemoPlanner.scene.json?url[33m.[39m
[33mAssets in the public directory are served at the root path.
Instead of [36m/public/scenes/Test-DES-Turntable-Loop.scene.json?url[33m, use [36m/scenes/Test-DES-Turntable-Loop.scene.json?url[33m.[39m
[33mAssets in the public directory are served at the root path.
Instead of [36m/public/models/DemoRealvirtualWeb.glb?url[33m, use [36m/models/DemoRealvirtualWeb.glb?url[33m.[39m
[33mAssets in the public directory are served at the root path.
Instead of [36m/public/models/DemoRobotIK.glb?url[33m, use [36m/models/DemoRobotIK.glb?url[33m.[39m
[33mAssets in the public directory are served at the root path.
Instead of [36m/public/models/EuropalletEmpty.glb?url[33m, use [36m/models/EuropalletEmpty.glb?url[33m.[39m
[33mAssets in the public directory are served at the root path.
Instead of [36m/public/models/physics-zone-test.glb?url[33m, use [36m/models/physics-zone-test.glb?url[33m.[39m
[33mAssets in the public directory are served at the root path.
Instead of [36m/public/models/tests.glb?url[33m, use [36m/models/tests.glb?url[33m.[39m
[33mAssets in the public directory are served at the root path.
Instead of [36m/public/models/library/Custom/ff.glb?url[33m, use [36m/models/library/Custom/ff.glb?url[33m.[39m
[33mAssets in the public directory are served at the root path.
Instead of [36m/public/models/library/Custom/forklift.glb?url[33m, use [36m/models/library/Custom/forklift.glb?url[33m.[39m
[33mAssets in the public directory are served at the root path.
Instead of [36m/public/models/library/Custom/testfork.glb?url[33m, use [36m/models/library/Custom/testfork.glb?url[33m.[39m
[33mAssets in the public directory are served at the root path.
Instead of [36m/public/models/library/PalletHandling/CartonBox.glb?url[33m, use [36m/models/library/PalletHandling/CartonBox.glb?url[33m.[39m
[33mAssets in the public directory are served at the root path.
Instead of [36m/public/models/library/PalletHandling/ChainConveyor-1m.glb?url[33m, use [36m/models/library/PalletHandling/ChainConveyor-1m.glb?url[33m.[39m
[33mAssets in the public directory are served at the root path.
Instead of [36m/public/models/library/PalletHandling/ChainConveyor-2m.glb?url[33m, use [36m/models/library/PalletHandling/ChainConveyor-2m.glb?url[33m.[39m
[33mAssets in the public directory are served at the root path.
Instead of [36m/public/models/library/PalletHandling/ChainConveyor-3m.glb?url[33m, use [36m/models/library/PalletHandling/ChainConveyor-3m.glb?url[33m.[39m
[33mAssets in the public directory are served at the root path.
Instead of [36m/public/models/library/PalletHandling/ChainTransferLeft.glb?url[33m, use [36m/models/library/PalletHandling/ChainTransferLeft.glb?url[33m.[39m
[33mAssets in the public directory are served at the root path.
Instead of [36m/public/models/library/PalletHandling/ChainTransferRight.glb?url[33m, use [36m/models/library/PalletHandling/ChainTransferRight.glb?url[33m.[39m
[33mAssets in the public directory are served at the root path.
Instead of [36m/public/models/library/PalletHandling/Europallet.glb?url[33m, use [36m/models/library/PalletHandling/Europallet.glb?url[33m.[39m
[33mAssets in the public directory are served at the root path.
Instead of [36m/public/models/library/PalletHandling/EuropalletLoaded.glb?url[33m, use [36m/models/library/PalletHandling/EuropalletLoaded.glb?url[33m.[39m
[33mAssets in the public directory are served at the root path.
Instead of [36m/public/models/library/PalletHandling/PalletScanner.glb?url[33m, use [36m/models/library/PalletHandling/PalletScanner.glb?url[33m.[39m
[33mAssets in the public directory are served at the root path.
Instead of [36m/public/models/library/PalletHandling/PalletSink.glb?url[33m, use [36m/models/library/PalletHandling/PalletSink.glb?url[33m.[39m
[33mAssets in the public directory are served at the root path.
Instead of [36m/public/models/library/PalletHandling/RollConveyor-1m.glb?url[33m, use [36m/models/library/PalletHandling/RollConveyor-1m.glb?url[33m.[39m
[33mAssets in the public directory are served at the root path.
Instead of [36m/public/models/library/PalletHandling/RollConveyor-2m.glb?url[33m, use [36m/models/library/PalletHandling/RollConveyor-2m.glb?url[33m.[39m
[33mAssets in the public directory are served at the root path.
Instead of [36m/public/models/library/PalletHandling/RollConveyor-3m-edit.glb?url[33m, use [36m/models/library/PalletHandling/RollConveyor-3m-edit.glb?url[33m.[39m
[33mAssets in the public directory are served at the root path.
Instead of [36m/public/models/library/PalletHandling/RollConveyor-3m.glb?url[33m, use [36m/models/library/PalletHandling/RollConveyor-3m.glb?url[33m.[39m
[33mAssets in the public directory are served at the root path.
Instead of [36m/public/models/library/PalletHandling/SphereMirror.glb?url[33m, use [36m/models/library/PalletHandling/SphereMirror.glb?url[33m.[39m
[33mAssets in the public directory are served at the root path.
Instead of [36m/public/models/library/PalletHandling/SphereRed.glb?url[33m, use [36m/models/library/PalletHandling/SphereRed.glb?url[33m.[39m
[33mAssets in the public directory are served at the root path.
Instead of [36m/public/models/library/PalletHandling/Turntable.glb?url[33m, use [36m/models/library/PalletHandling/Turntable.glb?url[33m.[39m
[33mAssets in the public directory are served at the root path.
Instead of [36m/public/models/library/imports/AGV - Forklifter.glb?url[33m, use [36m/models/library/imports/AGV - Forklifter.glb?url[33m.[39m
[33mAssets in the public directory are served at the root path.
Instead of [36m/public/models/library/imports/dc8539c917b79f6c72cef3ca63d3b8f2.glb?url[33m, use [36m/models/library/imports/dc8539c917b79f6c72cef3ca63d3b8f2.glb?url[33m.[39m
[33mAssets in the public directory are served at the root path.
Instead of [36m/public/models/library/imports/e06801631_asm.glb?url[33m, use [36m/models/library/imports/e06801631_asm.glb?url[33m.[39m
[33mAssets in the public directory are served at the root path.
Instead of [36m/public/models/library/Custom/ff.glb?url[33m, use [36m/models/library/Custom/ff.glb?url[33m.[39m
[33mAssets in the public directory are served at the root path.
Instead of [36m/public/models/library/Custom/forklift.glb?url[33m, use [36m/models/library/Custom/forklift.glb?url[33m.[39m
[33mAssets in the public directory are served at the root path.
Instead of [36m/public/models/library/Custom/testfork.glb?url[33m, use [36m/models/library/Custom/testfork.glb?url[33m.[39m
[33mAssets in the public directory are served at the root path.
Instead of [36m/public/models/library/PalletHandling/CartonBox.glb?url[33m, use [36m/models/library/PalletHandling/CartonBox.glb?url[33m.[39m
[33mAssets in the public directory are served at the root path.
Instead of [36m/public/models/library/PalletHandling/ChainConveyor-1m.glb?url[33m, use [36m/models/library/PalletHandling/ChainConveyor-1m.glb?url[33m.[39m
[33mAssets in the public directory are served at the root path.
Instead of [36m/public/models/library/PalletHandling/ChainConveyor-2m.glb?url[33m, use [36m/models/library/PalletHandling/ChainConveyor-2m.glb?url[33m.[39m
[33mAssets in the public directory are served at the root path.
Instead of [36m/public/models/library/PalletHandling/ChainConveyor-3m.glb?url[33m, use [36m/models/library/PalletHandling/ChainConveyor-3m.glb?url[33m.[39m
[33mAssets in the public directory are served at the root path.
Instead of [36m/public/models/library/PalletHandling/ChainTransferLeft.glb?url[33m, use [36m/models/library/PalletHandling/ChainTransferLeft.glb?url[33m.[39m
[33mAssets in the public directory are served at the root path.
Instead of [36m/public/models/library/PalletHandling/ChainTransferRight.glb?url[33m, use [36m/models/library/PalletHandling/ChainTransferRight.glb?url[33m.[39m
[33mAssets in the public directory are served at the root path.
Instead of [36m/public/models/library/PalletHandling/Europallet.glb?url[33m, use [36m/models/library/PalletHandling/Europallet.glb?url[33m.[39m
[33mAssets in the public directory are served at the root path.
Instead of [36m/public/models/library/PalletHandling/EuropalletLoaded.glb?url[33m, use [36m/models/library/PalletHandling/EuropalletLoaded.glb?url[33m.[39m
[33mAssets in the public directory are served at the root path.
Instead of [36m/public/models/library/PalletHandling/PalletScanner.glb?url[33m, use [36m/models/library/PalletHandling/PalletScanner.glb?url[33m.[39m
[33mAssets in the public directory are served at the root path.
Instead of [36m/public/models/library/PalletHandling/PalletSink.glb?url[33m, use [36m/models/library/PalletHandling/PalletSink.glb?url[33m.[39m
[33mAssets in the public directory are served at the root path.
Instead of [36m/public/models/library/PalletHandling/RollConveyor-1m.glb?url[33m, use [36m/models/library/PalletHandling/RollConveyor-1m.glb?url[33m.[39m
[33mAssets in the public directory are served at the root path.
Instead of [36m/public/models/library/PalletHandling/RollConveyor-2m.glb?url[33m, use [36m/models/library/PalletHandling/RollConveyor-2m.glb?url[33m.[39m
[33mAssets in the public directory are served at the root path.
Instead of [36m/public/models/library/PalletHandling/RollConveyor-3m-edit.glb?url[33m, use [36m/models/library/PalletHandling/RollConveyor-3m-edit.glb?url[33m.[39m
[33mAssets in the public directory are served at the root path.
Instead of [36m/public/models/library/PalletHandling/RollConveyor-3m.glb?url[33m, use [36m/models/library/PalletHandling/RollConveyor-3m.glb?url[33m.[39m
[33mAssets in the public directory are served at the root path.
Instead of [36m/public/models/library/PalletHandling/SphereMirror.glb?url[33m, use [36m/models/library/PalletHandling/SphereMirror.glb?url[33m.[39m
[33mAssets in the public directory are served at the root path.
Instead of [36m/public/models/library/PalletHandling/SphereRed.glb?url[33m, use [36m/models/library/PalletHandling/SphereRed.glb?url[33m.[39m
[33mAssets in the public directory are served at the root path.
Instead of [36m/public/models/library/PalletHandling/Turntable.glb?url[33m, use [36m/models/library/PalletHandling/Turntable.glb?url[33m.[39m
[33mAssets in the public directory are served at the root path.
Instead of [36m/public/models/library/imports/AGV - Forklifter.glb?url[33m, use [36m/models/library/imports/AGV - Forklifter.glb?url[33m.[39m
[33mAssets in the public directory are served at the root path.
Instead of [36m/public/models/library/imports/dc8539c917b79f6c72cef3ca63d3b8f2.glb?url[33m, use [36m/models/library/imports/dc8539c917b79f6c72cef3ca63d3b8f2.glb?url[33m.[39m
[33mAssets in the public directory are served at the root path.
Instead of [36m/public/models/library/imports/e06801631_asm.glb?url[33m, use [36m/models/library/imports/e06801631_asm.glb?url[33m.[39m
[33mAssets in the public directory are served at the root path.
Instead of [36m/public/scenes/DemoPlanner.scene.json?url[33m, use [36m/scenes/DemoPlanner.scene.json?url[33m.[39m
[33mAssets in the public directory are served at the root path.
Instead of [36m/public/scenes/Test-DES-Turntable-Loop.scene.json?url[33m, use [36m/scenes/Test-DES-Turntable-Loop.scene.json?url[33m.[39m
[33mAssets in the public directory are served at the root path.
Instead of [36m/public/models/DemoRealvirtualWeb.glb?url[33m, use [36m/models/DemoRealvirtualWeb.glb?url[33m.[39m
[33mAssets in the public directory are served at the root path.
Instead of [36m/public/models/DemoRobotIK.glb?url[33m, use [36m/models/DemoRobotIK.glb?url[33m.[39m
[33mAssets in the public directory are served at the root path.
Instead of [36m/public/models/EuropalletEmpty.glb?url[33m, use [36m/models/EuropalletEmpty.glb?url[33m.[39m
[33mAssets in the public directory are served at the root path.
Instead of [36m/public/models/physics-zone-test.glb?url[33m, use [36m/models/physics-zone-test.glb?url[33m.[39m
[33mAssets in the public directory are served at the root path.
Instead of [36m/public/models/tests.glb?url[33m, use [36m/models/tests.glb?url[33m.[39m
[33mAssets in the public directory are served at the root path.
Instead of [36m/public/models/library/Custom/ff.glb?url[33m, use [36m/models/library/Custom/ff.glb?url[33m.[39m
[33mAssets in the public directory are served at the root path.
Instead of [36m/public/models/library/Custom/forklift.glb?url[33m, use [36m/models/library/Custom/forklift.glb?url[33m.[39m
[33mAssets in the public directory are served at the root path.
Instead of [36m/public/models/library/Custom/testfork.glb?url[33m, use [36m/models/library/Custom/testfork.glb?url[33m.[39m
[33mAssets in the public directory are served at the root path.
Instead of [36m/public/models/library/PalletHandling/CartonBox.glb?url[33m, use [36m/models/library/PalletHandling/CartonBox.glb?url[33m.[39m
[33mAssets in the public directory are served at the root path.
Instead of [36m/public/models/library/PalletHandling/ChainConveyor-1m.glb?url[33m, use [36m/models/library/PalletHandling/ChainConveyor-1m.glb?url[33m.[39m
[33mAssets in the public directory are served at the root path.
Instead of [36m/public/models/library/PalletHandling/ChainConveyor-2m.glb?url[33m, use [36m/models/library/PalletHandling/ChainConveyor-2m.glb?url[33m.[39m
[33mAssets in the public directory are served at the root path.
Instead of [36m/public/models/library/PalletHandling/ChainConveyor-3m.glb?url[33m, use [36m/models/library/PalletHandling/ChainConveyor-3m.glb?url[33m.[39m
[33mAssets in the public directory are served at the root path.
Instead of [36m/public/models/library/PalletHandling/ChainTransferLeft.glb?url[33m, use [36m/models/library/PalletHandling/ChainTransferLeft.glb?url[33m.[39m
[33mAssets in the public directory are served at the root path.
Instead of [36m/public/models/library/PalletHandling/ChainTransferRight.glb?url[33m, use [36m/models/library/PalletHandling/ChainTransferRight.glb?url[33m.[39m
[33mAssets in the public directory are served at the root path.
Instead of [36m/public/models/library/PalletHandling/Europallet.glb?url[33m, use [36m/models/library/PalletHandling/Europallet.glb?url[33m.[39m
[33mAssets in the public directory are served at the root path.
Instead of [36m/public/models/library/PalletHandling/EuropalletLoaded.glb?url[33m, use [36m/models/library/PalletHandling/EuropalletLoaded.glb?url[33m.[39m
[33mAssets in the public directory are served at the root path.
Instead of [36m/public/models/library/PalletHandling/PalletScanner.glb?url[33m, use [36m/models/library/PalletHandling/PalletScanner.glb?url[33m.[39m
[33mAssets in the public directory are served at the root path.
Instead of [36m/public/models/library/PalletHandling/PalletSink.glb?url[33m, use [36m/models/library/PalletHandling/PalletSink.glb?url[33m.[39m
[33mAssets in the public directory are served at the root path.
Instead of [36m/public/models/library/PalletHandling/RollConveyor-1m.glb?url[33m, use [36m/models/library/PalletHandling/RollConveyor-1m.glb?url[33m.[39m
[33mAssets in the public directory are served at the root path.
Instead of [36m/public/models/library/PalletHandling/RollConveyor-2m.glb?url[33m, use [36m/models/library/PalletHandling/RollConveyor-2m.glb?url[33m.[39m
[33mAssets in the public directory are served at the root path.
Instead of [36m/public/models/library/PalletHandling/RollConveyor-3m-edit.glb?url[33m, use [36m/models/library/PalletHandling/RollConveyor-3m-edit.glb?url[33m.[39m
[33mAssets in the public directory are served at the root path.
Instead of [36m/public/models/library/PalletHandling/RollConveyor-3m.glb?url[33m, use [36m/models/library/PalletHandling/RollConveyor-3m.glb?url[33m.[39m
[33mAssets in the public directory are served at the root path.
Instead of [36m/public/models/library/PalletHandling/SphereMirror.glb?url[33m, use [36m/models/library/PalletHandling/SphereMirror.glb?url[33m.[39m
[33mAssets in the public directory are served at the root path.
Instead of [36m/public/models/library/PalletHandling/SphereRed.glb?url[33m, use [36m/models/library/PalletHandling/SphereRed.glb?url[33m.[39m
[33mAssets in the public directory are served at the root path.
Instead of [36m/public/models/library/PalletHandling/Turntable.glb?url[33m, use [36m/models/library/PalletHandling/Turntable.glb?url[33m.[39m
[33mAssets in the public directory are served at the root path.
Instead of [36m/public/models/library/imports/AGV - Forklifter.glb?url[33m, use [36m/models/library/imports/AGV - Forklifter.glb?url[33m.[39m
[33mAssets in the public directory are served at the root path.
Instead of [36m/public/models/library/imports/dc8539c917b79f6c72cef3ca63d3b8f2.glb?url[33m, use [36m/models/library/imports/dc8539c917b79f6c72cef3ca63d3b8f2.glb?url[33m.[39m
[33mAssets in the public directory are served at the root path.
Instead of [36m/public/models/library/imports/e06801631_asm.glb?url[33m, use [36m/models/library/imports/e06801631_asm.glb?url[33m.[39m
[33mAssets in the public directory are served at the root path.
Instead of [36m/public/scenes/DemoPlanner.scene.json?url[33m, use [36m/scenes/DemoPlanner.scene.json?url[33m.[39m
[33mAssets in the public directory are served at the root path.
Instead of [36m/public/scenes/Test-DES-Turntable-Loop.scene.json?url[33m, use [36m/scenes/Test-DES-Turntable-Loop.scene.json?url[33m.[39m
[33mAssets in the public directory are served at the root path.
Instead of [36m/public/models/DemoRealvirtualWeb.glb?url[33m, use [36m/models/DemoRealvirtualWeb.glb?url[33m.[39m
[33mAssets in the public directory are served at the root path.
Instead of [36m/public/models/DemoRobotIK.glb?url[33m, use [36m/models/DemoRobotIK.glb?url[33m.[39m
[33mAssets in the public directory are served at the root path.
Instead of [36m/public/models/EuropalletEmpty.glb?url[33m, use [36m/models/EuropalletEmpty.glb?url[33m.[39m
[33mAssets in the public directory are served at the root path.
Instead of [36m/public/models/physics-zone-test.glb?url[33m, use [36m/models/physics-zone-test.glb?url[33m.[39m
[33mAssets in the public directory are served at the root path.
Instead of [36m/public/models/tests.glb?url[33m, use [36m/models/tests.glb?url[33m.[39m
[33mAssets in the public directory are served at the root path.
Instead of [36m/public/models/library/Custom/ff.glb?url[33m, use [36m/models/library/Custom/ff.glb?url[33m.[39m
[33mAssets in the public directory are served at the root path.
Instead of [36m/public/models/library/Custom/forklift.glb?url[33m, use [36m/models/library/Custom/forklift.glb?url[33m.[39m
[33mAssets in the public directory are served at the root path.
Instead of [36m/public/models/library/Custom/testfork.glb?url[33m, use [36m/models/library/Custom/testfork.glb?url[33m.[39m
[33mAssets in the public directory are served at the root path.
Instead of [36m/public/models/library/PalletHandling/CartonBox.glb?url[33m, use [36m/models/library/PalletHandling/CartonBox.glb?url[33m.[39m
[33mAssets in the public directory are served at the root path.
Instead of [36m/public/models/library/PalletHandling/ChainConveyor-1m.glb?url[33m, use [36m/models/library/PalletHandling/ChainConveyor-1m.glb?url[33m.[39m
[33mAssets in the public directory are served at the root path.
Instead of [36m/public/models/library/PalletHandling/ChainConveyor-2m.glb?url[33m, use [36m/models/library/PalletHandling/ChainConveyor-2m.glb?url[33m.[39m
[33mAssets in the public directory are served at the root path.
Instead of [36m/public/models/library/PalletHandling/ChainConveyor-3m.glb?url[33m, use [36m/models/library/PalletHandling/ChainConveyor-3m.glb?url[33m.[39m
[33mAssets in the public directory are served at the root path.
Instead of [36m/public/models/library/PalletHandling/ChainTransferLeft.glb?url[33m, use [36m/models/library/PalletHandling/ChainTransferLeft.glb?url[33m.[39m
[33mAssets in the public directory are served at the root path.
Instead of [36m/public/models/library/PalletHandling/ChainTransferRight.glb?url[33m, use [36m/models/library/PalletHandling/ChainTransferRight.glb?url[33m.[39m
[33mAssets in the public directory are served at the root path.
Instead of [36m/public/models/library/PalletHandling/Europallet.glb?url[33m, use [36m/models/library/PalletHandling/Europallet.glb?url[33m.[39m
[33mAssets in the public directory are served at the root path.
Instead of [36m/public/models/library/PalletHandling/EuropalletLoaded.glb?url[33m, use [36m/models/library/PalletHandling/EuropalletLoaded.glb?url[33m.[39m
[33mAssets in the public directory are served at the root path.
Instead of [36m/public/models/library/PalletHandling/PalletScanner.glb?url[33m, use [36m/models/library/PalletHandling/PalletScanner.glb?url[33m.[39m
[33mAssets in the public directory are served at the root path.
Instead of [36m/public/models/library/PalletHandling/PalletSink.glb?url[33m, use [36m/models/library/PalletHandling/PalletSink.glb?url[33m.[39m
[33mAssets in the public directory are served at the root path.
Instead of [36m/public/models/library/PalletHandling/RollConveyor-1m.glb?url[33m, use [36m/models/library/PalletHandling/RollConveyor-1m.glb?url[33m.[39m
[33mAssets in the public directory are served at the root path.
Instead of [36m/public/models/library/PalletHandling/RollConveyor-2m.glb?url[33m, use [36m/models/library/PalletHandling/RollConveyor-2m.glb?url[33m.[39m
[33mAssets in the public directory are served at the root path.
Instead of [36m/public/models/library/PalletHandling/RollConveyor-3m-edit.glb?url[33m, use [36m/models/library/PalletHandling/RollConveyor-3m-edit.glb?url[33m.[39m
[33mAssets in the public directory are served at the root path.
Instead of [36m/public/models/library/PalletHandling/RollConveyor-3m.glb?url[33m, use [36m/models/library/PalletHandling/RollConveyor-3m.glb?url[33m.[39m
[33mAssets in the public directory are served at the root path.
Instead of [36m/public/models/library/PalletHandling/SphereMirror.glb?url[33m, use [36m/models/library/PalletHandling/SphereMirror.glb?url[33m.[39m
[33mAssets in the public directory are served at the root path.
Instead of [36m/public/models/library/PalletHandling/SphereRed.glb?url[33m, use [36m/models/library/PalletHandling/SphereRed.glb?url[33m.[39m
[33mAssets in the public directory are served at the root path.
Instead of [36m/public/models/library/PalletHandling/Turntable.glb?url[33m, use [36m/models/library/PalletHandling/Turntable.glb?url[33m.[39m
[33mAssets in the public directory are served at the root path.
Instead of [36m/public/models/library/imports/AGV - Forklifter.glb?url[33m, use [36m/models/library/imports/AGV - Forklifter.glb?url[33m.[39m
[33mAssets in the public directory are served at the root path.
Instead of [36m/public/models/library/imports/dc8539c917b79f6c72cef3ca63d3b8f2.glb?url[33m, use [36m/models/library/imports/dc8539c917b79f6c72cef3ca63d3b8f2.glb?url[33m.[39m
[33mAssets in the public directory are served at the root path.
Instead of [36m/public/models/library/imports/e06801631_asm.glb?url[33m, use [36m/models/library/imports/e06801631_asm.glb?url[33m.[39m
[33mAssets in the public directory are served at the root path.
Instead of [36m/public/scenes/DemoPlanner.scene.json?url[33m, use [36m/scenes/DemoPlanner.scene.json?url[33m.[39m
[33mAssets in the public directory are served at the root path.
Instead of [36m/public/scenes/Test-DES-Turntable-Loop.scene.json?url[33m, use [36m/scenes/Test-DES-Turntable-Loop.scene.json?url[33m.[39m
[33mAssets in the public directory are served at the root path.
Instead of [36m/public/models/DemoRealvirtualWeb.glb?url[33m, use [36m/models/DemoRealvirtualWeb.glb?url[33m.[39m
[33mAssets in the public directory are served at the root path.
Instead of [36m/public/models/DemoRobotIK.glb?url[33m, use [36m/models/DemoRobotIK.glb?url[33m.[39m
[33mAssets in the public directory are served at the root path.
Instead of [36m/public/models/EuropalletEmpty.glb?url[33m, use [36m/models/EuropalletEmpty.glb?url[33m.[39m
[33mAssets in the public directory are served at the root path.
Instead of [36m/public/models/physics-zone-test.glb?url[33m, use [36m/models/physics-zone-test.glb?url[33m.[39m
[33mAssets in the public directory are served at the root path.
Instead of [36m/public/models/tests.glb?url[33m, use [36m/models/tests.glb?url[33m.[39m
[33mAssets in the public directory are served at the root path.
Instead of [36m/public/scenes/DemoPlanner.scene.json?url[33m, use [36m/scenes/DemoPlanner.scene.json?url[33m.[39m
[33mAssets in the public directory are served at the root path.
Instead of [36m/public/scenes/Test-DES-Turntable-Loop.scene.json?url[33m, use [36m/scenes/Test-DES-Turntable-Loop.scene.json?url[33m.[39m
[33mAssets in the public directory are served at the root path.
Instead of [36m/public/models/DemoRealvirtualWeb.glb?url[33m, use [36m/models/DemoRealvirtualWeb.glb?url[33m.[39m
[33mAssets in the public directory are served at the root path.
Instead of [36m/public/models/DemoRobotIK.glb?url[33m, use [36m/models/DemoRobotIK.glb?url[33m.[39m
[33mAssets in the public directory are served at the root path.
Instead of [36m/public/models/EuropalletEmpty.glb?url[33m, use [36m/models/EuropalletEmpty.glb?url[33m.[39m
[33mAssets in the public directory are served at the root path.
Instead of [36m/public/models/physics-zone-test.glb?url[33m, use [36m/models/physics-zone-test.glb?url[33m.[39m
[33mAssets in the public directory are served at the root path.
Instead of [36m/public/models/tests.glb?url[33m, use [36m/models/tests.glb?url[33m.[39m
[33mAssets in the public directory are served at the root path.
Instead of [36m/public/models/library/Custom/ff.glb?url[33m, use [36m/models/library/Custom/ff.glb?url[33m.[39m
[33mAssets in the public directory are served at the root path.
Instead of [36m/public/models/library/Custom/forklift.glb?url[33m, use [36m/models/library/Custom/forklift.glb?url[33m.[39m
[33mAssets in the public directory are served at the root path.
Instead of [36m/public/models/library/Custom/testfork.glb?url[33m, use [36m/models/library/Custom/testfork.glb?url[33m.[39m
[33mAssets in the public directory are served at the root path.
Instead of [36m/public/models/library/PalletHandling/CartonBox.glb?url[33m, use [36m/models/library/PalletHandling/CartonBox.glb?url[33m.[39m
[33mAssets in the public directory are served at the root path.
Instead of [36m/public/models/library/PalletHandling/ChainConveyor-1m.glb?url[33m, use [36m/models/library/PalletHandling/ChainConveyor-1m.glb?url[33m.[39m
[33mAssets in the public directory are served at the root path.
Instead of [36m/public/models/library/PalletHandling/ChainConveyor-2m.glb?url[33m, use [36m/models/library/PalletHandling/ChainConveyor-2m.glb?url[33m.[39m
[33mAssets in the public directory are served at the root path.
Instead of [36m/public/models/library/PalletHandling/ChainConveyor-3m.glb?url[33m, use [36m/models/library/PalletHandling/ChainConveyor-3m.glb?url[33m.[39m
[33mAssets in the public directory are served at the root path.
Instead of [36m/public/models/library/PalletHandling/ChainTransferLeft.glb?url[33m, use [36m/models/library/PalletHandling/ChainTransferLeft.glb?url[33m.[39m
[33mAssets in the public directory are served at the root path.
Instead of [36m/public/models/library/PalletHandling/ChainTransferRight.glb?url[33m, use [36m/models/library/PalletHandling/ChainTransferRight.glb?url[33m.[39m
[33mAssets in the public directory are served at the root path.
Instead of [36m/public/models/library/PalletHandling/Europallet.glb?url[33m, use [36m/models/library/PalletHandling/Europallet.glb?url[33m.[39m
[33mAssets in the public directory are served at the root path.
Instead of [36m/public/models/library/PalletHandling/EuropalletLoaded.glb?url[33m, use [36m/models/library/PalletHandling/EuropalletLoaded.glb?url[33m.[39m
[33mAssets in the public directory are served at the root path.
Instead of [36m/public/models/library/PalletHandling/PalletScanner.glb?url[33m, use [36m/models/library/PalletHandling/PalletScanner.glb?url[33m.[39m
[33mAssets in the public directory are served at the root path.
Instead of [36m/public/models/library/PalletHandling/PalletSink.glb?url[33m, use [36m/models/library/PalletHandling/PalletSink.glb?url[33m.[39m
[33mAssets in the public directory are served at the root path.
Instead of [36m/public/models/library/PalletHandling/RollConveyor-1m.glb?url[33m, use [36m/models/library/PalletHandling/RollConveyor-1m.glb?url[33m.[39m
[33mAssets in the public directory are served at the root path.
Instead of [36m/public/models/library/PalletHandling/RollConveyor-2m.glb?url[33m, use [36m/models/library/PalletHandling/RollConveyor-2m.glb?url[33m.[39m
[33mAssets in the public directory are served at the root path.
Instead of [36m/public/models/library/PalletHandling/RollConveyor-3m-edit.glb?url[33m, use [36m/models/library/PalletHandling/RollConveyor-3m-edit.glb?url[33m.[39m
[33mAssets in the public directory are served at the root path.
Instead of [36m/public/models/library/PalletHandling/RollConveyor-3m.glb?url[33m, use [36m/models/library/PalletHandling/RollConveyor-3m.glb?url[33m.[39m
[33mAssets in the public directory are served at the root path.
Instead of [36m/public/models/library/PalletHandling/SphereMirror.glb?url[33m, use [36m/models/library/PalletHandling/SphereMirror.glb?url[33m.[39m
[33mAssets in the public directory are served at the root path.
Instead of [36m/public/models/library/PalletHandling/SphereRed.glb?url[33m, use [36m/models/library/PalletHandling/SphereRed.glb?url[33m.[39m
[33mAssets in the public directory are served at the root path.
Instead of [36m/public/models/library/PalletHandling/Turntable.glb?url[33m, use [36m/models/library/PalletHandling/Turntable.glb?url[33m.[39m
[33mAssets in the public directory are served at the root path.
Instead of [36m/public/models/library/imports/AGV - Forklifter.glb?url[33m, use [36m/models/library/imports/AGV - Forklifter.glb?url[33m.[39m
[33mAssets in the public directory are served at the root path.
Instead of [36m/public/models/library/imports/dc8539c917b79f6c72cef3ca63d3b8f2.glb?url[33m, use [36m/models/library/imports/dc8539c917b79f6c72cef3ca63d3b8f2.glb?url[33m.[39m
[33mAssets in the public directory are served at the root path.
Instead of [36m/public/models/library/imports/e06801631_asm.glb?url[33m, use [36m/models/library/imports/e06801631_asm.glb?url[33m.[39m
[33mAssets in the public directory are served at the root path.
Instead of [36m/public/scenes/DemoPlanner.scene.json?url[33m, use [36m/scenes/DemoPlanner.scene.json?url[33m.[39m
[33mAssets in the public directory are served at the root path.
Instead of [36m/public/scenes/Test-DES-Turntable-Loop.scene.json?url[33m, use [36m/scenes/Test-DES-Turntable-Loop.scene.json?url[33m.[39m
[33mAssets in the public directory are served at the root path.
Instead of [36m/public/models/DemoRealvirtualWeb.glb?url[33m, use [36m/models/DemoRealvirtualWeb.glb?url[33m.[39m
[33mAssets in the public directory are served at the root path.
Instead of [36m/public/models/DemoRobotIK.glb?url[33m, use [36m/models/DemoRobotIK.glb?url[33m.[39m
[33mAssets in the public directory are served at the root path.
Instead of [36m/public/models/EuropalletEmpty.glb?url[33m, use [36m/models/EuropalletEmpty.glb?url[33m.[39m
[33mAssets in the public directory are served at the root path.
Instead of [36m/public/models/physics-zone-test.glb?url[33m, use [36m/models/physics-zone-test.glb?url[33m.[39m
[33mAssets in the public directory are served at the root path.
Instead of [36m/public/models/tests.glb?url[33m, use [36m/models/tests.glb?url[33m.[39m
[33mAssets in the public directory are served at the root path.
Instead of [36m/public/models/library/Custom/ff.glb?url[33m, use [36m/models/library/Custom/ff.glb?url[33m.[39m
[33mAssets in the public directory are served at the root path.
Instead of [36m/public/models/library/Custom/forklift.glb?url[33m, use [36m/models/library/Custom/forklift.glb?url[33m.[39m
[33mAssets in the public directory are served at the root path.
Instead of [36m/public/models/library/Custom/testfork.glb?url[33m, use [36m/models/library/Custom/testfork.glb?url[33m.[39m
[33mAssets in the public directory are served at the root path.
Instead of [36m/public/models/library/PalletHandling/CartonBox.glb?url[33m, use [36m/models/library/PalletHandling/CartonBox.glb?url[33m.[39m
[33mAssets in the public directory are served at the root path.
Instead of [36m/public/models/library/PalletHandling/ChainConveyor-1m.glb?url[33m, use [36m/models/library/PalletHandling/ChainConveyor-1m.glb?url[33m.[39m
[33mAssets in the public directory are served at the root path.
Instead of [36m/public/models/library/PalletHandling/ChainConveyor-2m.glb?url[33m, use [36m/models/library/PalletHandling/ChainConveyor-2m.glb?url[33m.[39m
[33mAssets in the public directory are served at the root path.
Instead of [36m/public/models/library/PalletHandling/ChainConveyor-3m.glb?url[33m, use [36m/models/library/PalletHandling/ChainConveyor-3m.glb?url[33m.[39m
[33mAssets in the public directory are served at the root path.
Instead of [36m/public/models/library/PalletHandling/ChainTransferLeft.glb?url[33m, use [36m/models/library/PalletHandling/ChainTransferLeft.glb?url[33m.[39m
[33mAssets in the public directory are served at the root path.
Instead of [36m/public/models/library/PalletHandling/ChainTransferRight.glb?url[33m, use [36m/models/library/PalletHandling/ChainTransferRight.glb?url[33m.[39m
[33mAssets in the public directory are served at the root path.
Instead of [36m/public/models/library/PalletHandling/Europallet.glb?url[33m, use [36m/models/library/PalletHandling/Europallet.glb?url[33m.[39m
[33mAssets in the public directory are served at the root path.
Instead of [36m/public/models/library/PalletHandling/EuropalletLoaded.glb?url[33m, use [36m/models/library/PalletHandling/EuropalletLoaded.glb?url[33m.[39m
[33mAssets in the public directory are served at the root path.
Instead of [36m/public/models/library/PalletHandling/PalletScanner.glb?url[33m, use [36m/models/library/PalletHandling/PalletScanner.glb?url[33m.[39m
[33mAssets in the public directory are served at the root path.
Instead of [36m/public/models/library/PalletHandling/PalletSink.glb?url[33m, use [36m/models/library/PalletHandling/PalletSink.glb?url[33m.[39m
[33mAssets in the public directory are served at the root path.
Instead of [36m/public/models/library/PalletHandling/RollConveyor-1m.glb?url[33m, use [36m/models/library/PalletHandling/RollConveyor-1m.glb?url[33m.[39m
[33mAssets in the public directory are served at the root path.
Instead of [36m/public/models/library/PalletHandling/RollConveyor-2m.glb?url[33m, use [36m/models/library/PalletHandling/RollConveyor-2m.glb?url[33m.[39m
[33mAssets in the public directory are served at the root path.
Instead of [36m/public/models/library/PalletHandling/RollConveyor-3m-edit.glb?url[33m, use [36m/models/library/PalletHandling/RollConveyor-3m-edit.glb?url[33m.[39m
[33mAssets in the public directory are served at the root path.
Instead of [36m/public/models/library/PalletHandling/RollConveyor-3m.glb?url[33m, use [36m/models/library/PalletHandling/RollConveyor-3m.glb?url[33m.[39m
[33mAssets in the public directory are served at the root path.
Instead of [36m/public/models/library/PalletHandling/SphereMirror.glb?url[33m, use [36m/models/library/PalletHandling/SphereMirror.glb?url[33m.[39m
[33mAssets in the public directory are served at the root path.
Instead of [36m/public/models/library/PalletHandling/SphereRed.glb?url[33m, use [36m/models/library/PalletHandling/SphereRed.glb?url[33m.[39m
[33mAssets in the public directory are served at the root path.
Instead of [36m/public/models/library/PalletHandling/Turntable.glb?url[33m, use [36m/models/library/PalletHandling/Turntable.glb?url[33m.[39m
[33mAssets in the public directory are served at the root path.
Instead of [36m/public/models/library/imports/AGV - Forklifter.glb?url[33m, use [36m/models/library/imports/AGV - Forklifter.glb?url[33m.[39m
[33mAssets in the public directory are served at the root path.
Instead of [36m/public/models/library/imports/dc8539c917b79f6c72cef3ca63d3b8f2.glb?url[33m, use [36m/models/library/imports/dc8539c917b79f6c72cef3ca63d3b8f2.glb?url[33m.[39m
[33mAssets in the public directory are served at the root path.
Instead of [36m/public/models/library/imports/e06801631_asm.glb?url[33m, use [36m/models/library/imports/e06801631_asm.glb?url[33m.[39m
[33mAssets in the public directory are served at the root path.
Instead of [36m/public/models/library/Custom/ff.glb?url[33m, use [36m/models/library/Custom/ff.glb?url[33m.[39m
[33mAssets in the public directory are served at the root path.
Instead of [36m/public/models/library/Custom/forklift.glb?url[33m, use [36m/models/library/Custom/forklift.glb?url[33m.[39m
[33mAssets in the public directory are served at the root path.
Instead of [36m/public/models/library/Custom/testfork.glb?url[33m, use [36m/models/library/Custom/testfork.glb?url[33m.[39m
[33mAssets in the public directory are served at the root path.
Instead of [36m/public/models/library/PalletHandling/CartonBox.glb?url[33m, use [36m/models/library/PalletHandling/CartonBox.glb?url[33m.[39m
[33mAssets in the public directory are served at the root path.
Instead of [36m/public/models/library/PalletHandling/ChainConveyor-1m.glb?url[33m, use [36m/models/library/PalletHandling/ChainConveyor-1m.glb?url[33m.[39m
[33mAssets in the public directory are served at the root path.
Instead of [36m/public/models/library/PalletHandling/ChainConveyor-2m.glb?url[33m, use [36m/models/library/PalletHandling/ChainConveyor-2m.glb?url[33m.[39m
[33mAssets in the public directory are served at the root path.
Instead of [36m/public/models/library/PalletHandling/ChainConveyor-3m.glb?url[33m, use [36m/models/library/PalletHandling/ChainConveyor-3m.glb?url[33m.[39m
[33mAssets in the public directory are served at the root path.
Instead of [36m/public/models/library/PalletHandling/ChainTransferLeft.glb?url[33m, use [36m/models/library/PalletHandling/ChainTransferLeft.glb?url[33m.[39m
[33mAssets in the public directory are served at the root path.
Instead of [36m/public/models/library/PalletHandling/ChainTransferRight.glb?url[33m, use [36m/models/library/PalletHandling/ChainTransferRight.glb?url[33m.[39m
[33mAssets in the public directory are served at the root path.
Instead of [36m/public/models/library/PalletHandling/Europallet.glb?url[33m, use [36m/models/library/PalletHandling/Europallet.glb?url[33m.[39m
[33mAssets in the public directory are served at the root path.
Instead of [36m/public/models/library/PalletHandling/EuropalletLoaded.glb?url[33m, use [36m/models/library/PalletHandling/EuropalletLoaded.glb?url[33m.[39m
[33mAssets in the public directory are served at the root path.
Instead of [36m/public/models/library/PalletHandling/PalletScanner.glb?url[33m, use [36m/models/library/PalletHandling/PalletScanner.glb?url[33m.[39m
[33mAssets in the public directory are served at the root path.
Instead of [36m/public/models/library/PalletHandling/PalletSink.glb?url[33m, use [36m/models/library/PalletHandling/PalletSink.glb?url[33m.[39m
[33mAssets in the public directory are served at the root path.
Instead of [36m/public/models/library/PalletHandling/RollConveyor-1m.glb?url[33m, use [36m/models/library/PalletHandling/RollConveyor-1m.glb?url[33m.[39m
[33mAssets in the public directory are served at the root path.
Instead of [36m/public/models/library/PalletHandling/RollConveyor-2m.glb?url[33m, use [36m/models/library/PalletHandling/RollConveyor-2m.glb?url[33m.[39m
[33mAssets in the public directory are served at the root path.
Instead of [36m/public/models/library/PalletHandling/RollConveyor-3m-edit.glb?url[33m, use [36m/models/library/PalletHandling/RollConveyor-3m-edit.glb?url[33m.[39m
[33mAssets in the public directory are served at the root path.
Instead of [36m/public/models/library/PalletHandling/RollConveyor-3m.glb?url[33m, use [36m/models/library/PalletHandling/RollConveyor-3m.glb?url[33m.[39m
[33mAssets in the public directory are served at the root path.
Instead of [36m/public/models/library/PalletHandling/SphereMirror.glb?url[33m, use [36m/models/library/PalletHandling/SphereMirror.glb?url[33m.[39m
[33mAssets in the public directory are served at the root path.
Instead of [36m/public/models/library/PalletHandling/SphereRed.glb?url[33m, use [36m/models/library/PalletHandling/SphereRed.glb?url[33m.[39m
[33mAssets in the public directory are served at the root path.
Instead of [36m/public/models/library/PalletHandling/Turntable.glb?url[33m, use [36m/models/library/PalletHandling/Turntable.glb?url[33m.[39m
[33mAssets in the public directory are served at the root path.
Instead of [36m/public/models/library/imports/AGV - Forklifter.glb?url[33m, use [36m/models/library/imports/AGV - Forklifter.glb?url[33m.[39m
[33mAssets in the public directory are served at the root path.
Instead of [36m/public/models/library/imports/dc8539c917b79f6c72cef3ca63d3b8f2.glb?url[33m, use [36m/models/library/imports/dc8539c917b79f6c72cef3ca63d3b8f2.glb?url[33m.[39m
[33mAssets in the public directory are served at the root path.
Instead of [36m/public/models/library/imports/e06801631_asm.glb?url[33m, use [36m/models/library/imports/e06801631_asm.glb?url[33m.[39m
[33mAssets in the public directory are served at the root path.
Instead of [36m/public/scenes/DemoPlanner.scene.json?url[33m, use [36m/scenes/DemoPlanner.scene.json?url[33m.[39m
[33mAssets in the public directory are served at the root path.
Instead of [36m/public/scenes/Test-DES-Turntable-Loop.scene.json?url[33m, use [36m/scenes/Test-DES-Turntable-Loop.scene.json?url[33m.[39m
[33mAssets in the public directory are served at the root path.
Instead of [36m/public/models/DemoRealvirtualWeb.glb?url[33m, use [36m/models/DemoRealvirtualWeb.glb?url[33m.[39m
[33mAssets in the public directory are served at the root path.
Instead of [36m/public/models/DemoRobotIK.glb?url[33m, use [36m/models/DemoRobotIK.glb?url[33m.[39m
[33mAssets in the public directory are served at the root path.
Instead of [36m/public/models/EuropalletEmpty.glb?url[33m, use [36m/models/EuropalletEmpty.glb?url[33m.[39m
[33mAssets in the public directory are served at the root path.
Instead of [36m/public/models/physics-zone-test.glb?url[33m, use [36m/models/physics-zone-test.glb?url[33m.[39m
[33mAssets in the public directory are served at the root path.
Instead of [36m/public/models/tests.glb?url[33m, use [36m/models/tests.glb?url[33m.[39m
[33mAssets in the public directory are served at the root path.
Instead of [36m/public/models/library/Custom/ff.glb?url[33m, use [36m/models/library/Custom/ff.glb?url[33m.[39m
[33mAssets in the public directory are served at the root path.
Instead of [36m/public/models/library/Custom/forklift.glb?url[33m, use [36m/models/library/Custom/forklift.glb?url[33m.[39m
[33mAssets in the public directory are served at the root path.
Instead of [36m/public/models/library/Custom/testfork.glb?url[33m, use [36m/models/library/Custom/testfork.glb?url[33m.[39m
[33mAssets in the public directory are served at the root path.
Instead of [36m/public/models/library/PalletHandling/CartonBox.glb?url[33m, use [36m/models/library/PalletHandling/CartonBox.glb?url[33m.[39m
[33mAssets in the public directory are served at the root path.
Instead of [36m/public/models/library/PalletHandling/ChainConveyor-1m.glb?url[33m, use [36m/models/library/PalletHandling/ChainConveyor-1m.glb?url[33m.[39m
[33mAssets in the public directory are served at the root path.
Instead of [36m/public/models/library/PalletHandling/ChainConveyor-2m.glb?url[33m, use [36m/models/library/PalletHandling/ChainConveyor-2m.glb?url[33m.[39m
[33mAssets in the public directory are served at the root path.
Instead of [36m/public/models/library/PalletHandling/ChainConveyor-3m.glb?url[33m, use [36m/models/library/PalletHandling/ChainConveyor-3m.glb?url[33m.[39m
[33mAssets in the public directory are served at the root path.
Instead of [36m/public/models/library/PalletHandling/ChainTransferLeft.glb?url[33m, use [36m/models/library/PalletHandling/ChainTransferLeft.glb?url[33m.[39m
[33mAssets in the public directory are served at the root path.
Instead of [36m/public/models/library/PalletHandling/ChainTransferRight.glb?url[33m, use [36m/models/library/PalletHandling/ChainTransferRight.glb?url[33m.[39m
[33mAssets in the public directory are served at the root path.
Instead of [36m/public/models/library/PalletHandling/Europallet.glb?url[33m, use [36m/models/library/PalletHandling/Europallet.glb?url[33m.[39m
[33mAssets in the public directory are served at the root path.
Instead of [36m/public/models/library/PalletHandling/EuropalletLoaded.glb?url[33m, use [36m/models/library/PalletHandling/EuropalletLoaded.glb?url[33m.[39m
[33mAssets in the public directory are served at the root path.
Instead of [36m/public/models/library/PalletHandling/PalletScanner.glb?url[33m, use [36m/models/library/PalletHandling/PalletScanner.glb?url[33m.[39m
[33mAssets in the public directory are served at the root path.
Instead of [36m/public/models/library/PalletHandling/PalletSink.glb?url[33m, use [36m/models/library/PalletHandling/PalletSink.glb?url[33m.[39m
[33mAssets in the public directory are served at the root path.
Instead of [36m/public/models/library/PalletHandling/RollConveyor-1m.glb?url[33m, use [36m/models/library/PalletHandling/RollConveyor-1m.glb?url[33m.[39m
[33mAssets in the public directory are served at the root path.
Instead of [36m/public/models/library/PalletHandling/RollConveyor-2m.glb?url[33m, use [36m/models/library/PalletHandling/RollConveyor-2m.glb?url[33m.[39m
[33mAssets in the public directory are served at the root path.
Instead of [36m/public/models/library/PalletHandling/RollConveyor-3m-edit.glb?url[33m, use [36m/models/library/PalletHandling/RollConveyor-3m-edit.glb?url[33m.[39m
[33mAssets in the public directory are served at the root path.
Instead of [36m/public/models/library/PalletHandling/RollConveyor-3m.glb?url[33m, use [36m/models/library/PalletHandling/RollConveyor-3m.glb?url[33m.[39m
[33mAssets in the public directory are served at the root path.
Instead of [36m/public/models/library/PalletHandling/SphereMirror.glb?url[33m, use [36m/models/library/PalletHandling/SphereMirror.glb?url[33m.[39m
[33mAssets in the public directory are served at the root path.
Instead of [36m/public/models/library/PalletHandling/SphereRed.glb?url[33m, use [36m/models/library/PalletHandling/SphereRed.glb?url[33m.[39m
[33mAssets in the public directory are served at the root path.
Instead of [36m/public/models/library/PalletHandling/Turntable.glb?url[33m, use [36m/models/library/PalletHandling/Turntable.glb?url[33m.[39m
[33mAssets in the public directory are served at the root path.
Instead of [36m/public/models/library/imports/AGV - Forklifter.glb?url[33m, use [36m/models/library/imports/AGV - Forklifter.glb?url[33m.[39m
[33mAssets in the public directory are served at the root path.
Instead of [36m/public/models/library/imports/dc8539c917b79f6c72cef3ca63d3b8f2.glb?url[33m, use [36m/models/library/imports/dc8539c917b79f6c72cef3ca63d3b8f2.glb?url[33m.[39m
[33mAssets in the public directory are served at the root path.
Instead of [36m/public/models/library/imports/e06801631_asm.glb?url[33m, use [36m/models/library/imports/e06801631_asm.glb?url[33m.[39m
[33mAssets in the public directory are served at the root path.
Instead of [36m/public/scenes/DemoPlanner.scene.json?url[33m, use [36m/scenes/DemoPlanner.scene.json?url[33m.[39m
[33mAssets in the public directory are served at the root path.
Instead of [36m/public/scenes/Test-DES-Turntable-Loop.scene.json?url[33m, use [36m/scenes/Test-DES-Turntable-Loop.scene.json?url[33m.[39m
[33mAssets in the public directory are served at the root path.
Instead of [36m/public/models/DemoRealvirtualWeb.glb?url[33m, use [36m/models/DemoRealvirtualWeb.glb?url[33m.[39m
[33mAssets in the public directory are served at the root path.
Instead of [36m/public/models/DemoRobotIK.glb?url[33m, use [36m/models/DemoRobotIK.glb?url[33m.[39m
[33mAssets in the public directory are served at the root path.
Instead of [36m/public/models/EuropalletEmpty.glb?url[33m, use [36m/models/EuropalletEmpty.glb?url[33m.[39m
[33mAssets in the public directory are served at the root path.
Instead of [36m/public/models/physics-zone-test.glb?url[33m, use [36m/models/physics-zone-test.glb?url[33m.[39m
[33mAssets in the public directory are served at the root path.
Instead of [36m/public/models/tests.glb?url[33m, use [36m/models/tests.glb?url[33m.[39m
[33mAssets in the public directory are served at the root path.
Instead of [36m/public/scenes/DemoPlanner.scene.json?url[33m, use [36m/scenes/DemoPlanner.scene.json?url[33m.[39m
[33mAssets in the public directory are served at the root path.
Instead of [36m/public/scenes/Test-DES-Turntable-Loop.scene.json?url[33m, use [36m/scenes/Test-DES-Turntable-Loop.scene.json?url[33m.[39m
[33mAssets in the public directory are served at the root path.
Instead of [36m/public/models/DemoRealvirtualWeb.glb?url[33m, use [36m/models/DemoRealvirtualWeb.glb?url[33m.[39m
[33mAssets in the public directory are served at the root path.
Instead of [36m/public/models/DemoRobotIK.glb?url[33m, use [36m/models/DemoRobotIK.glb?url[33m.[39m
[33mAssets in the public directory are served at the root path.
Instead of [36m/public/models/EuropalletEmpty.glb?url[33m, use [36m/models/EuropalletEmpty.glb?url[33m.[39m
[33mAssets in the public directory are served at the root path.
Instead of [36m/public/models/physics-zone-test.glb?url[33m, use [36m/models/physics-zone-test.glb?url[33m.[39m
[33mAssets in the public directory are served at the root path.
Instead of [36m/public/models/tests.glb?url[33m, use [36m/models/tests.glb?url[33m.[39m
[33mAssets in the public directory are served at the root path.
Instead of [36m/public/models/library/Custom/ff.glb?url[33m, use [36m/models/library/Custom/ff.glb?url[33m.[39m
[33mAssets in the public directory are served at the root path.
Instead of [36m/public/models/library/Custom/forklift.glb?url[33m, use [36m/models/library/Custom/forklift.glb?url[33m.[39m
[33mAssets in the public directory are served at the root path.
Instead of [36m/public/models/library/Custom/testfork.glb?url[33m, use [36m/models/library/Custom/testfork.glb?url[33m.[39m
[33mAssets in the public directory are served at the root path.
Instead of [36m/public/models/library/PalletHandling/CartonBox.glb?url[33m, use [36m/models/library/PalletHandling/CartonBox.glb?url[33m.[39m
[33mAssets in the public directory are served at the root path.
Instead of [36m/public/models/library/PalletHandling/ChainConveyor-1m.glb?url[33m, use [36m/models/library/PalletHandling/ChainConveyor-1m.glb?url[33m.[39m
[33mAssets in the public directory are served at the root path.
Instead of [36m/public/models/library/PalletHandling/ChainConveyor-2m.glb?url[33m, use [36m/models/library/PalletHandling/ChainConveyor-2m.glb?url[33m.[39m
[33mAssets in the public directory are served at the root path.
Instead of [36m/public/models/library/PalletHandling/ChainConveyor-3m.glb?url[33m, use [36m/models/library/PalletHandling/ChainConveyor-3m.glb?url[33m.[39m
[33mAssets in the public directory are served at the root path.
Instead of [36m/public/models/library/PalletHandling/ChainTransferLeft.glb?url[33m, use [36m/models/library/PalletHandling/ChainTransferLeft.glb?url[33m.[39m
[33mAssets in the public directory are served at the root path.
Instead of [36m/public/models/library/PalletHandling/ChainTransferRight.glb?url[33m, use [36m/models/library/PalletHandling/ChainTransferRight.glb?url[33m.[39m
[33mAssets in the public directory are served at the root path.
Instead of [36m/public/models/library/PalletHandling/Europallet.glb?url[33m, use [36m/models/library/PalletHandling/Europallet.glb?url[33m.[39m
[33mAssets in the public directory are served at the root path.
Instead of [36m/public/models/library/PalletHandling/EuropalletLoaded.glb?url[33m, use [36m/models/library/PalletHandling/EuropalletLoaded.glb?url[33m.[39m
[33mAssets in the public directory are served at the root path.
Instead of [36m/public/models/library/PalletHandling/PalletScanner.glb?url[33m, use [36m/models/library/PalletHandling/PalletScanner.glb?url[33m.[39m
[33mAssets in the public directory are served at the root path.
Instead of [36m/public/models/library/PalletHandling/PalletSink.glb?url[33m, use [36m/models/library/PalletHandling/PalletSink.glb?url[33m.[39m
[33mAssets in the public directory are served at the root path.
Instead of [36m/public/models/library/PalletHandling/RollConveyor-1m.glb?url[33m, use [36m/models/library/PalletHandling/RollConveyor-1m.glb?url[33m.[39m
[33mAssets in the public directory are served at the root path.
Instead of [36m/public/models/library/PalletHandling/RollConveyor-2m.glb?url[33m, use [36m/models/library/PalletHandling/RollConveyor-2m.glb?url[33m.[39m
[33mAssets in the public directory are served at the root path.
Instead of [36m/public/models/library/PalletHandling/RollConveyor-3m-edit.glb?url[33m, use [36m/models/library/PalletHandling/RollConveyor-3m-edit.glb?url[33m.[39m
[33mAssets in the public directory are served at the root path.
Instead of [36m/public/models/library/PalletHandling/RollConveyor-3m.glb?url[33m, use [36m/models/library/PalletHandling/RollConveyor-3m.glb?url[33m.[39m
[33mAssets in the public directory are served at the root path.
Instead of [36m/public/models/library/PalletHandling/SphereMirror.glb?url[33m, use [36m/models/library/PalletHandling/SphereMirror.glb?url[33m.[39m
[33mAssets in the public directory are served at the root path.
Instead of [36m/public/models/library/PalletHandling/SphereRed.glb?url[33m, use [36m/models/library/PalletHandling/SphereRed.glb?url[33m.[39m
[33mAssets in the public directory are served at the root path.
Instead of [36m/public/models/library/PalletHandling/Turntable.glb?url[33m, use [36m/models/library/PalletHandling/Turntable.glb?url[33m.[39m
[33mAssets in the public directory are served at the root path.
Instead of [36m/public/models/library/imports/AGV - Forklifter.glb?url[33m, use [36m/models/library/imports/AGV - Forklifter.glb?url[33m.[39m
[33mAssets in the public directory are served at the root path.
Instead of [36m/public/models/library/imports/dc8539c917b79f6c72cef3ca63d3b8f2.glb?url[33m, use [36m/models/library/imports/dc8539c917b79f6c72cef3ca63d3b8f2.glb?url[33m.[39m
[33mAssets in the public directory are served at the root path.
Instead of [36m/public/models/library/imports/e06801631_asm.glb?url[33m, use [36m/models/library/imports/e06801631_asm.glb?url[33m.[39m
[33mAssets in the public directory are served at the root path.
Instead of [36m/public/scenes/DemoPlanner.scene.json?url[33m, use [36m/scenes/DemoPlanner.scene.json?url[33m.[39m
[33mAssets in the public directory are served at the root path.
Instead of [36m/public/scenes/Test-DES-Turntable-Loop.scene.json?url[33m, use [36m/scenes/Test-DES-Turntable-Loop.scene.json?url[33m.[39m
[33mAssets in the public directory are served at the root path.
Instead of [36m/public/models/DemoRealvirtualWeb.glb?url[33m, use [36m/models/DemoRealvirtualWeb.glb?url[33m.[39m
[33mAssets in the public directory are served at the root path.
Instead of [36m/public/models/DemoRobotIK.glb?url[33m, use [36m/models/DemoRobotIK.glb?url[33m.[39m
[33mAssets in the public directory are served at the root path.
Instead of [36m/public/models/EuropalletEmpty.glb?url[33m, use [36m/models/EuropalletEmpty.glb?url[33m.[39m
[33mAssets in the public directory are served at the root path.
Instead of [36m/public/models/physics-zone-test.glb?url[33m, use [36m/models/physics-zone-test.glb?url[33m.[39m
[33mAssets in the public directory are served at the root path.
Instead of [36m/public/models/tests.glb?url[33m, use [36m/models/tests.glb?url[33m.[39m
[33mAssets in the public directory are served at the root path.
Instead of [36m/public/models/library/Custom/ff.glb?url[33m, use [36m/models/library/Custom/ff.glb?url[33m.[39m
[33mAssets in the public directory are served at the root path.
Instead of [36m/public/models/library/Custom/forklift.glb?url[33m, use [36m/models/library/Custom/forklift.glb?url[33m.[39m
[33mAssets in the public directory are served at the root path.
Instead of [36m/public/models/library/Custom/testfork.glb?url[33m, use [36m/models/library/Custom/testfork.glb?url[33m.[39m
[33mAssets in the public directory are served at the root path.
Instead of [36m/public/models/library/PalletHandling/CartonBox.glb?url[33m, use [36m/models/library/PalletHandling/CartonBox.glb?url[33m.[39m
[33mAssets in the public directory are served at the root path.
Instead of [36m/public/models/library/PalletHandling/ChainConveyor-1m.glb?url[33m, use [36m/models/library/PalletHandling/ChainConveyor-1m.glb?url[33m.[39m
[33mAssets in the public directory are served at the root path.
Instead of [36m/public/models/library/PalletHandling/ChainConveyor-2m.glb?url[33m, use [36m/models/library/PalletHandling/ChainConveyor-2m.glb?url[33m.[39m
[33mAssets in the public directory are served at the root path.
Instead of [36m/public/models/library/PalletHandling/ChainConveyor-3m.glb?url[33m, use [36m/models/library/PalletHandling/ChainConveyor-3m.glb?url[33m.[39m
[33mAssets in the public directory are served at the root path.
Instead of [36m/public/models/library/PalletHandling/ChainTransferLeft.glb?url[33m, use [36m/models/library/PalletHandling/ChainTransferLeft.glb?url[33m.[39m
[33mAssets in the public directory are served at the root path.
Instead of [36m/public/models/library/PalletHandling/ChainTransferRight.glb?url[33m, use [36m/models/library/PalletHandling/ChainTransferRight.glb?url[33m.[39m
[33mAssets in the public directory are served at the root path.
Instead of [36m/public/models/library/PalletHandling/Europallet.glb?url[33m, use [36m/models/library/PalletHandling/Europallet.glb?url[33m.[39m
[33mAssets in the public directory are served at the root path.
Instead of [36m/public/models/library/PalletHandling/EuropalletLoaded.glb?url[33m, use [36m/models/library/PalletHandling/EuropalletLoaded.glb?url[33m.[39m
[33mAssets in the public directory are served at the root path.
Instead of [36m/public/models/library/PalletHandling/PalletScanner.glb?url[33m, use [36m/models/library/PalletHandling/PalletScanner.glb?url[33m.[39m
[33mAssets in the public directory are served at the root path.
Instead of [36m/public/models/library/PalletHandling/PalletSink.glb?url[33m, use [36m/models/library/PalletHandling/PalletSink.glb?url[33m.[39m
[33mAssets in the public directory are served at the root path.
Instead of [36m/public/models/library/PalletHandling/RollConveyor-1m.glb?url[33m, use [36m/models/library/PalletHandling/RollConveyor-1m.glb?url[33m.[39m
[33mAssets in the public directory are served at the root path.
Instead of [36m/public/models/library/PalletHandling/RollConveyor-2m.glb?url[33m, use [36m/models/library/PalletHandling/RollConveyor-2m.glb?url[33m.[39m
[33mAssets in the public directory are served at the root path.
Instead of [36m/public/models/library/PalletHandling/RollConveyor-3m-edit.glb?url[33m, use [36m/models/library/PalletHandling/RollConveyor-3m-edit.glb?url[33m.[39m
[33mAssets in the public directory are served at the root path.
Instead of [36m/public/models/library/PalletHandling/RollConveyor-3m.glb?url[33m, use [36m/models/library/PalletHandling/RollConveyor-3m.glb?url[33m.[39m
[33mAssets in the public directory are served at the root path.
Instead of [36m/public/models/library/PalletHandling/SphereMirror.glb?url[33m, use [36m/models/library/PalletHandling/SphereMirror.glb?url[33m.[39m
[33mAssets in the public directory are served at the root path.
Instead of [36m/public/models/library/PalletHandling/SphereRed.glb?url[33m, use [36m/models/library/PalletHandling/SphereRed.glb?url[33m.[39m
[33mAssets in the public directory are served at the root path.
Instead of [36m/public/models/library/PalletHandling/Turntable.glb?url[33m, use [36m/models/library/PalletHandling/Turntable.glb?url[33m.[39m
[33mAssets in the public directory are served at the root path.
Instead of [36m/public/models/library/imports/AGV - Forklifter.glb?url[33m, use [36m/models/library/imports/AGV - Forklifter.glb?url[33m.[39m
[33mAssets in the public directory are served at the root path.
Instead of [36m/public/models/library/imports/dc8539c917b79f6c72cef3ca63d3b8f2.glb?url[33m, use [36m/models/library/imports/dc8539c917b79f6c72cef3ca63d3b8f2.glb?url[33m.[39m
[33mAssets in the public directory are served at the root path.
Instead of [36m/public/models/library/imports/e06801631_asm.glb?url[33m, use [36m/models/library/imports/e06801631_asm.glb?url[33m.[39m
[33mAssets in the public directory are served at the root path.
Instead of [36m/public/models/library/Custom/ff.glb?url[33m, use [36m/models/library/Custom/ff.glb?url[33m.[39m
[33mAssets in the public directory are served at the root path.
Instead of [36m/public/models/library/Custom/forklift.glb?url[33m, use [36m/models/library/Custom/forklift.glb?url[33m.[39m
[33mAssets in the public directory are served at the root path.
Instead of [36m/public/models/library/Custom/testfork.glb?url[33m, use [36m/models/library/Custom/testfork.glb?url[33m.[39m
[33mAssets in the public directory are served at the root path.
Instead of [36m/public/models/library/PalletHandling/CartonBox.glb?url[33m, use [36m/models/library/PalletHandling/CartonBox.glb?url[33m.[39m
[33mAssets in the public directory are served at the root path.
Instead of [36m/public/models/library/PalletHandling/ChainConveyor-1m.glb?url[33m, use [36m/models/library/PalletHandling/ChainConveyor-1m.glb?url[33m.[39m
[33mAssets in the public directory are served at the root path.
Instead of [36m/public/models/library/PalletHandling/ChainConveyor-2m.glb?url[33m, use [36m/models/library/PalletHandling/ChainConveyor-2m.glb?url[33m.[39m
[33mAssets in the public directory are served at the root path.
Instead of [36m/public/models/library/PalletHandling/ChainConveyor-3m.glb?url[33m, use [36m/models/library/PalletHandling/ChainConveyor-3m.glb?url[33m.[39m
[33mAssets in the public directory are served at the root path.
Instead of [36m/public/models/library/PalletHandling/ChainTransferLeft.glb?url[33m, use [36m/models/library/PalletHandling/ChainTransferLeft.glb?url[33m.[39m
[33mAssets in the public directory are served at the root path.
Instead of [36m/public/models/library/PalletHandling/ChainTransferRight.glb?url[33m, use [36m/models/library/PalletHandling/ChainTransferRight.glb?url[33m.[39m
[33mAssets in the public directory are served at the root path.
Instead of [36m/public/models/library/PalletHandling/Europallet.glb?url[33m, use [36m/models/library/PalletHandling/Europallet.glb?url[33m.[39m
[33mAssets in the public directory are served at the root path.
Instead of [36m/public/models/library/PalletHandling/EuropalletLoaded.glb?url[33m, use [36m/models/library/PalletHandling/EuropalletLoaded.glb?url[33m.[39m
[33mAssets in the public directory are served at the root path.
Instead of [36m/public/models/library/PalletHandling/PalletScanner.glb?url[33m, use [36m/models/library/PalletHandling/PalletScanner.glb?url[33m.[39m
[33mAssets in the public directory are served at the root path.
Instead of [36m/public/models/library/PalletHandling/PalletSink.glb?url[33m, use [36m/models/library/PalletHandling/PalletSink.glb?url[33m.[39m
[33mAssets in the public directory are served at the root path.
Instead of [36m/public/models/library/PalletHandling/RollConveyor-1m.glb?url[33m, use [36m/models/library/PalletHandling/RollConveyor-1m.glb?url[33m.[39m
[33mAssets in the public directory are served at the root path.
Instead of [36m/public/models/library/PalletHandling/RollConveyor-2m.glb?url[33m, use [36m/models/library/PalletHandling/RollConveyor-2m.glb?url[33m.[39m
[33mAssets in the public directory are served at the root path.
Instead of [36m/public/models/library/PalletHandling/RollConveyor-3m-edit.glb?url[33m, use [36m/models/library/PalletHandling/RollConveyor-3m-edit.glb?url[33m.[39m
[33mAssets in the public directory are served at the root path.
Instead of [36m/public/models/library/PalletHandling/RollConveyor-3m.glb?url[33m, use [36m/models/library/PalletHandling/RollConveyor-3m.glb?url[33m.[39m
[33mAssets in the public directory are served at the root path.
Instead of [36m/public/models/library/PalletHandling/SphereMirror.glb?url[33m, use [36m/models/library/PalletHandling/SphereMirror.glb?url[33m.[39m
[33mAssets in the public directory are served at the root path.
Instead of [36m/public/models/library/PalletHandling/SphereRed.glb?url[33m, use [36m/models/library/PalletHandling/SphereRed.glb?url[33m.[39m
[33mAssets in the public directory are served at the root path.
Instead of [36m/public/models/library/PalletHandling/Turntable.glb?url[33m, use [36m/models/library/PalletHandling/Turntable.glb?url[33m.[39m
[33mAssets in the public directory are served at the root path.
Instead of [36m/public/models/library/imports/AGV - Forklifter.glb?url[33m, use [36m/models/library/imports/AGV - Forklifter.glb?url[33m.[39m
[33mAssets in the public directory are served at the root path.
Instead of [36m/public/models/library/imports/dc8539c917b79f6c72cef3ca63d3b8f2.glb?url[33m, use [36m/models/library/imports/dc8539c917b79f6c72cef3ca63d3b8f2.glb?url[33m.[39m
[33mAssets in the public directory are served at the root path.
Instead of [36m/public/models/library/imports/e06801631_asm.glb?url[33m, use [36m/models/library/imports/e06801631_asm.glb?url[33m.[39m
[33mAssets in the public directory are served at the root path.
Instead of [36m/public/scenes/DemoPlanner.scene.json?url[33m, use [36m/scenes/DemoPlanner.scene.json?url[33m.[39m
[33mAssets in the public directory are served at the root path.
Instead of [36m/public/scenes/Test-DES-Turntable-Loop.scene.json?url[33m, use [36m/scenes/Test-DES-Turntable-Loop.scene.json?url[33m.[39m
[33mAssets in the public directory are served at the root path.
Instead of [36m/public/models/DemoRealvirtualWeb.glb?url[33m, use [36m/models/DemoRealvirtualWeb.glb?url[33m.[39m
[33mAssets in the public directory are served at the root path.
Instead of [36m/public/models/DemoRobotIK.glb?url[33m, use [36m/models/DemoRobotIK.glb?url[33m.[39m
[33mAssets in the public directory are served at the root path.
Instead of [36m/public/models/EuropalletEmpty.glb?url[33m, use [36m/models/EuropalletEmpty.glb?url[33m.[39m
[33mAssets in the public directory are served at the root path.
Instead of [36m/public/models/physics-zone-test.glb?url[33m, use [36m/models/physics-zone-test.glb?url[33m.[39m
[33mAssets in the public directory are served at the root path.
Instead of [36m/public/models/tests.glb?url[33m, use [36m/models/tests.glb?url[33m.[39m
[33mAssets in the public directory are served at the root path.
Instead of [36m/public/models/library/Custom/ff.glb?url[33m, use [36m/models/library/Custom/ff.glb?url[33m.[39m
[33mAssets in the public directory are served at the root path.
Instead of [36m/public/models/library/Custom/forklift.glb?url[33m, use [36m/models/library/Custom/forklift.glb?url[33m.[39m
[33mAssets in the public directory are served at the root path.
Instead of [36m/public/models/library/Custom/testfork.glb?url[33m, use [36m/models/library/Custom/testfork.glb?url[33m.[39m
[33mAssets in the public directory are served at the root path.
Instead of [36m/public/models/library/PalletHandling/CartonBox.glb?url[33m, use [36m/models/library/PalletHandling/CartonBox.glb?url[33m.[39m
[33mAssets in the public directory are served at the root path.
Instead of [36m/public/models/library/PalletHandling/ChainConveyor-1m.glb?url[33m, use [36m/models/library/PalletHandling/ChainConveyor-1m.glb?url[33m.[39m
[33mAssets in the public directory are served at the root path.
Instead of [36m/public/models/library/PalletHandling/ChainConveyor-2m.glb?url[33m, use [36m/models/library/PalletHandling/ChainConveyor-2m.glb?url[33m.[39m
[33mAssets in the public directory are served at the root path.
Instead of [36m/public/models/library/PalletHandling/ChainConveyor-3m.glb?url[33m, use [36m/models/library/PalletHandling/ChainConveyor-3m.glb?url[33m.[39m
[33mAssets in the public directory are served at the root path.
Instead of [36m/public/models/library/PalletHandling/ChainTransferLeft.glb?url[33m, use [36m/models/library/PalletHandling/ChainTransferLeft.glb?url[33m.[39m
[33mAssets in the public directory are served at the root path.
Instead of [36m/public/models/library/PalletHandling/ChainTransferRight.glb?url[33m, use [36m/models/library/PalletHandling/ChainTransferRight.glb?url[33m.[39m
[33mAssets in the public directory are served at the root path.
Instead of [36m/public/models/library/PalletHandling/Europallet.glb?url[33m, use [36m/models/library/PalletHandling/Europallet.glb?url[33m.[39m
[33mAssets in the public directory are served at the root path.
Instead of [36m/public/models/library/PalletHandling/EuropalletLoaded.glb?url[33m, use [36m/models/library/PalletHandling/EuropalletLoaded.glb?url[33m.[39m
[33mAssets in the public directory are served at the root path.
Instead of [36m/public/models/library/PalletHandling/PalletScanner.glb?url[33m, use [36m/models/library/PalletHandling/PalletScanner.glb?url[33m.[39m
[33mAssets in the public directory are served at the root path.
Instead of [36m/public/models/library/PalletHandling/PalletSink.glb?url[33m, use [36m/models/library/PalletHandling/PalletSink.glb?url[33m.[39m
[33mAssets in the public directory are served at the root path.
Instead of [36m/public/models/library/PalletHandling/RollConveyor-1m.glb?url[33m, use [36m/models/library/PalletHandling/RollConveyor-1m.glb?url[33m.[39m
[33mAssets in the public directory are served at the root path.
Instead of [36m/public/models/library/PalletHandling/RollConveyor-2m.glb?url[33m, use [36m/models/library/PalletHandling/RollConveyor-2m.glb?url[33m.[39m
[33mAssets in the public directory are served at the root path.
Instead of [36m/public/models/library/PalletHandling/RollConveyor-3m-edit.glb?url[33m, use [36m/models/library/PalletHandling/RollConveyor-3m-edit.glb?url[33m.[39m
[33mAssets in the public directory are served at the root path.
Instead of [36m/public/models/library/PalletHandling/RollConveyor-3m.glb?url[33m, use [36m/models/library/PalletHandling/RollConveyor-3m.glb?url[33m.[39m
[33mAssets in the public directory are served at the root path.
Instead of [36m/public/models/library/PalletHandling/SphereMirror.glb?url[33m, use [36m/models/library/PalletHandling/SphereMirror.glb?url[33m.[39m
[33mAssets in the public directory are served at the root path.
Instead of [36m/public/models/library/PalletHandling/SphereRed.glb?url[33m, use [36m/models/library/PalletHandling/SphereRed.glb?url[33m.[39m
[33mAssets in the public directory are served at the root path.
Instead of [36m/public/models/library/PalletHandling/Turntable.glb?url[33m, use [36m/models/library/PalletHandling/Turntable.glb?url[33m.[39m
[33mAssets in the public directory are served at the root path.
Instead of [36m/public/models/library/imports/AGV - Forklifter.glb?url[33m, use [36m/models/library/imports/AGV - Forklifter.glb?url[33m.[39m
[33mAssets in the public directory are served at the root path.
Instead of [36m/public/models/library/imports/dc8539c917b79f6c72cef3ca63d3b8f2.glb?url[33m, use [36m/models/library/imports/dc8539c917b79f6c72cef3ca63d3b8f2.glb?url[33m.[39m
[33mAssets in the public directory are served at the root path.
Instead of [36m/public/models/library/imports/e06801631_asm.glb?url[33m, use [36m/models/library/imports/e06801631_asm.glb?url[33m.[39m
[33mAssets in the public directory are served at the root path.
Instead of [36m/public/scenes/DemoPlanner.scene.json?url[33m, use [36m/scenes/DemoPlanner.scene.json?url[33m.[39m
[33mAssets in the public directory are served at the root path.
Instead of [36m/public/models/EuropalletEmpty.glb?url[33m, use [36m/models/EuropalletEmpty.glb?url[33m.[39m
[33mAssets in the public directory are served at the root path.
Instead of [36m/public/models/physics-zone-test.glb?url[33m, use [36m/models/physics-zone-test.glb?url[33m.[39m
[33mAssets in the public directory are served at the root path.
Instead of [36m/public/models/tests.glb?url[33m, use [36m/models/tests.glb?url[33m.[39m
[33mAssets in the public directory are served at the root path.
Instead of [36m/public/scenes/Test-DES-Turntable-Loop.scene.json?url[33m, use [36m/scenes/Test-DES-Turntable-Loop.scene.json?url[33m.[39m
[33mAssets in the public directory are served at the root path.
Instead of [36m/public/models/DemoRealvirtualWeb.glb?url[33m, use [36m/models/DemoRealvirtualWeb.glb?url[33m.[39m
[33mAssets in the public directory are served at the root path.
Instead of [36m/public/models/DemoRobotIK.glb?url[33m, use [36m/models/DemoRobotIK.glb?url[33m.[39m
[33mAssets in the public directory are served at the root path.
Instead of [36m/public/models/library/Custom/ff.glb?url[33m, use [36m/models/library/Custom/ff.glb?url[33m.[39m
[33mAssets in the public directory are served at the root path.
Instead of [36m/public/models/library/Custom/forklift.glb?url[33m, use [36m/models/library/Custom/forklift.glb?url[33m.[39m
[33mAssets in the public directory are served at the root path.
Instead of [36m/public/models/library/Custom/testfork.glb?url[33m, use [36m/models/library/Custom/testfork.glb?url[33m.[39m
[33mAssets in the public directory are served at the root path.
Instead of [36m/public/models/library/PalletHandling/CartonBox.glb?url[33m, use [36m/models/library/PalletHandling/CartonBox.glb?url[33m.[39m
[33mAssets in the public directory are served at the root path.
Instead of [36m/public/models/library/PalletHandling/ChainConveyor-1m.glb?url[33m, use [36m/models/library/PalletHandling/ChainConveyor-1m.glb?url[33m.[39m
[33mAssets in the public directory are served at the root path.
Instead of [36m/public/models/library/PalletHandling/ChainConveyor-2m.glb?url[33m, use [36m/models/library/PalletHandling/ChainConveyor-2m.glb?url[33m.[39m
[33mAssets in the public directory are served at the root path.
Instead of [36m/public/models/library/PalletHandling/ChainConveyor-3m.glb?url[33m, use [36m/models/library/PalletHandling/ChainConveyor-3m.glb?url[33m.[39m
[33mAssets in the public directory are served at the root path.
Instead of [36m/public/models/library/PalletHandling/ChainTransferLeft.glb?url[33m, use [36m/models/library/PalletHandling/ChainTransferLeft.glb?url[33m.[39m
[33mAssets in the public directory are served at the root path.
Instead of [36m/public/models/library/PalletHandling/ChainTransferRight.glb?url[33m, use [36m/models/library/PalletHandling/ChainTransferRight.glb?url[33m.[39m
[33mAssets in the public directory are served at the root path.
Instead of [36m/public/models/library/PalletHandling/Europallet.glb?url[33m, use [36m/models/library/PalletHandling/Europallet.glb?url[33m.[39m
[33mAssets in the public directory are served at the root path.
Instead of [36m/public/models/library/PalletHandling/EuropalletLoaded.glb?url[33m, use [36m/models/library/PalletHandling/EuropalletLoaded.glb?url[33m.[39m
[33mAssets in the public directory are served at the root path.
Instead of [36m/public/models/library/PalletHandling/PalletScanner.glb?url[33m, use [36m/models/library/PalletHandling/PalletScanner.glb?url[33m.[39m
[33mAssets in the public directory are served at the root path.
Instead of [36m/public/models/library/PalletHandling/PalletSink.glb?url[33m, use [36m/models/library/PalletHandling/PalletSink.glb?url[33m.[39m
[33mAssets in the public directory are served at the root path.
Instead of [36m/public/models/library/PalletHandling/RollConveyor-1m.glb?url[33m, use [36m/models/library/PalletHandling/RollConveyor-1m.glb?url[33m.[39m
[33mAssets in the public directory are served at the root path.
Instead of [36m/public/models/library/PalletHandling/RollConveyor-2m.glb?url[33m, use [36m/models/library/PalletHandling/RollConveyor-2m.glb?url[33m.[39m
[33mAssets in the public directory are served at the root path.
Instead of [36m/public/models/library/PalletHandling/RollConveyor-3m-edit.glb?url[33m, use [36m/models/library/PalletHandling/RollConveyor-3m-edit.glb?url[33m.[39m
[33mAssets in the public directory are served at the root path.
Instead of [36m/public/models/library/PalletHandling/RollConveyor-3m.glb?url[33m, use [36m/models/library/PalletHandling/RollConveyor-3m.glb?url[33m.[39m
[33mAssets in the public directory are served at the root path.
Instead of [36m/public/models/library/PalletHandling/SphereMirror.glb?url[33m, use [36m/models/library/PalletHandling/SphereMirror.glb?url[33m.[39m
[33mAssets in the public directory are served at the root path.
Instead of [36m/public/models/library/PalletHandling/SphereRed.glb?url[33m, use [36m/models/library/PalletHandling/SphereRed.glb?url[33m.[39m
[33mAssets in the public directory are served at the root path.
Instead of [36m/public/models/library/PalletHandling/Turntable.glb?url[33m, use [36m/models/library/PalletHandling/Turntable.glb?url[33m.[39m
[33mAssets in the public directory are served at the root path.
Instead of [36m/public/models/library/imports/AGV - Forklifter.glb?url[33m, use [36m/models/library/imports/AGV - Forklifter.glb?url[33m.[39m
[33mAssets in the public directory are served at the root path.
Instead of [36m/public/models/library/imports/dc8539c917b79f6c72cef3ca63d3b8f2.glb?url[33m, use [36m/models/library/imports/dc8539c917b79f6c72cef3ca63d3b8f2.glb?url[33m.[39m
[33mAssets in the public directory are served at the root path.
Instead of [36m/public/models/library/imports/e06801631_asm.glb?url[33m, use [36m/models/library/imports/e06801631_asm.glb?url[33m.[39m
